bracket,key,CAGR,max_DD,trades,win
+5% / -5%,m5_5,-0.05101930530078347,-0.6170350497081063,2876,0.5111265646731572
+5% / -8%,m5_8,0.016935822920269183,-0.5332242599582042,3193,0.6310679611650486
+5% / -10%,m5_10,0.05439633890510032,-0.47392421416115416,3143,0.6862869869551385
+5% / -15%,m5_15,0.09125926946907881,-0.34162249781415155,2423,0.775072224515064
+10% / -5%,m10_5,0.04896107047325682,-0.574750521208574,1989,0.37104072398190047
+10% / -8%,m10_8,0.19531960235898627,-0.4250092011035028,2095,0.49403341288782815
+10% / -10%,m10_10,0.2033282766125073,-0.4246522710479327,1973,0.5529650278763305
+10% / -15%,m10_15,0.2044250917880932,-0.3093234703155342,1460,0.6664383561643835
+15% / -5%,m15_5,0.18756554520127855,-0.5178715908707818,1521,0.3037475345167653
+15% / -8%,m15_8,0.22644545711952313,-0.4531968438721262,1639,0.4069554606467358
+15% / -10%,m15_10,0.2185526260506292,-0.47713664014561474,1466,0.46248294679399726
+15% / -15%,m15_15,0.1387345523733179,-0.372794711476259,1064,0.5610902255639098
+20% / -5%,m20_5,0.14462772675893176,-0.5797757677120428,1325,0.2490566037735849
+20% / -8%,m20_8,0.2140227976354736,-0.5105044788990942,1342,0.353204172876304
+20% / -10%,m20_10,0.27034934723443493,-0.4013094665396897,1190,0.41680672268907565
+20% / -15%,m20_15,0.1590276053523758,-0.38597304354275697,880,0.5170454545454546
+30% / -5%,m30_5,0.1498366435945253,-0.5727394437493021,1030,0.2058252427184466
+30% / -8%,m30_8,0.2287429799128382,-0.47136201805775535,1040,0.30288461538461536
+30% / -10%,m30_10,0.15388188819952808,-0.4504419316776185,899,0.3437152391546162
+30% / -15%,m30_15,0.15673346542808098,-0.3865753981209703,686,0.45626822157434405
