period,tier,bracket,key,n,hit_target,hit_stop,avg_net_return,avg_days,return_per_month,breakeven_hit
IS,all stocks,+5% / -5%,m5_5,208718,0.5389329142670972,0.4478866221408791,0.0026170585337108223,12.386349045123085,0.004436999878472353,0.5
IS,all stocks,+5% / -8%,m5_8,208718,0.6508207246140726,0.3084927988961182,0.005861693519889266,17.014751961977407,0.007234637577600558,0.6153846153846154
IS,all stocks,+5% / -10%,m5_10,208718,0.6918713287785433,0.24462193006832186,0.007619218699240301,19.332074856984065,0.008276586650306814,0.6666666666666666
IS,all stocks,+5% / -15%,m5_15,208718,0.7409710710144789,0.1417702354372886,0.010689714490268194,23.14981458235514,0.009697010898166521,0.7499999999999999
IS,all stocks,+10% / -5%,m10_5,208718,0.35194856217480047,0.5627928592646537,0.007390678596039827,21.366508878007647,0.0072639031206724975,0.3333333333333333
IS,all stocks,+10% / -8%,m10_8,208718,0.43573625657585835,0.40422483925679625,0.01230772205760284,28.58927356528905,0.009040529225739578,0.4444444444444445
IS,all stocks,+10% / -10%,m10_10,208718,0.467166224283483,0.32444254927701494,0.014851488129008768,32.008576164969,0.009743677728799287,0.5
IS,all stocks,+10% / -15%,m10_15,208718,0.5061901704692456,0.19174675878458014,0.019084120016829274,37.3592215333608,0.010727378781047157,0.6
IS,all stocks,+15% / -5%,m15_5,208718,0.22061345930873236,0.6026552573328606,0.010070742430195423,26.829113924050635,0.00788269011167455,0.25
IS,all stocks,+15% / -8%,m15_8,208718,0.274226468249025,0.4397751990724327,0.01576184152382476,35.373149416916604,0.009357342432224186,0.3478260869565218
IS,all stocks,+15% / -10%,m15_10,208718,0.29485717571076764,0.3558677258310256,0.018585680929092616,39.3134947632691,0.009927870871342748,0.4
IS,all stocks,+15% / -15%,m15_15,208718,0.32156306595502065,0.21351776080644697,0.023168771940218415,45.343693404497934,0.010730140714481879,0.5
IS,all stocks,+20% / -5%,m20_5,208718,0.13340009007368794,0.6174168016174935,0.01137505317368981,29.810059506127885,0.008013272049939436,0.2
IS,all stocks,+20% / -8%,m20_8,208718,0.1667369369196715,0.45381807031497046,0.01738868136175146,39.02305503119041,0.009357604326593938,0.2857142857142857
IS,all stocks,+20% / -10%,m20_10,208718,0.17982636859302983,0.3686648971339319,0.02030397378007788,43.21829454095957,0.009865809234502212,0.3333333333333333
IS,all stocks,+20% / -15%,m20_15,208718,0.19734761735930778,0.22321026456750256,0.024988171013310786,49.59123793827078,0.010581538455093955,0.4285714285714286
IS,all stocks,+30% / -5%,m30_5,208718,0.050589791009879356,0.6265152023304171,0.012251256297716109,32.22122193581771,0.007984687320813401,0.14285714285714288
IS,all stocks,+30% / -8%,m30_8,208718,0.06383253959888462,0.463074579097155,0.018396942348479488,41.986661428338714,0.009201393399126363,0.21052631578947367
IS,all stocks,+30% / -10%,m30_10,208718,0.06908364395979263,0.37738479671135217,0.02132618260590303,46.39686083615213,0.009652589133250197,0.25
IS,all stocks,+30% / -15%,m30_15,208718,0.07667762243793061,0.2300376584674058,0.02605686847806809,53.056535612644815,0.01031341816273844,0.33333333333333337
IS,top 10%,+5% / -5%,m5_5,20875,0.519808383233533,0.48,0.0003131178640230687,5.328479041916168,0.0012340247738161026,0.5
IS,top 10%,+5% / -8%,m5_8,20875,0.6359760479041916,0.3628263473053892,0.001475056633542147,7.666730538922156,0.004040338857238608,0.6153846153846154
IS,top 10%,+5% / -10%,m5_10,20875,0.6842155688622754,0.3127185628742515,0.001835113560403753,9.071760479041917,0.004248060214719074,0.6666666666666666
IS,top 10%,+5% / -15%,m5_15,20875,0.7621077844311377,0.22160479041916167,0.003491416293786125,12.24622754491018,0.00598712884442377,0.7499999999999999
IS,top 10%,+10% / -5%,m10_5,20875,0.37470658682634733,0.6214131736526947,0.004310071139590826,9.472383233532934,0.00955530321144419,0.3333333333333333
IS,top 10%,+10% / -8%,m10_8,20875,0.48546107784431136,0.5000718562874251,0.006996362964157886,13.762443113772456,0.010675693336765555,0.4444444444444445
IS,top 10%,+10% / -10%,m10_10,20875,0.5353293413173653,0.4398562874251497,0.008134110891088198,16.212215568862277,0.010536272971901985,0.5
IS,top 10%,+10% / -15%,m10_15,20875,0.6132694610778443,0.3182754491017964,0.011425953142983145,21.50294610778443,0.011158704244521261,0.6
IS,top 10%,+15% / -5%,m15_5,20875,0.2885748502994012,0.6908263473053893,0.00743116942652596,13.202778443113772,0.011819827063631381,0.25
IS,top 10%,+15% / -8%,m15_8,20875,0.37920958083832335,0.5707305389221556,0.011220532158209314,19.027640718562875,0.012383625421964159,0.3478260869565218
IS,top 10%,+15% / -10%,m15_10,20875,0.41916167664670656,0.5071616766467066,0.012693495415626017,22.292934131736526,0.011957304594941723,0.4
IS,top 10%,+15% / -15%,m15_15,20875,0.4833532934131737,0.37025149700598803,0.01703846263776019,28.93437125748503,0.012366182496549073,0.5
IS,top 10%,+20% / -5%,m20_5,20875,0.22452694610778443,0.7271377245508982,0.00962873675322305,16.176095808383234,0.012500140590963393,0.2
IS,top 10%,+20% / -8%,m20_8,20875,0.2938443113772455,0.6091497005988024,0.013957206501776924,22.997413173652696,0.012744969807000336,0.2857142857142857
IS,top 10%,+20% / -10%,m20_10,20875,0.32373652694610777,0.5433293413173653,0.015748259111219205,26.77940119760479,0.012349545790634894,0.3333333333333333
IS,top 10%,+20% / -15%,m20_15,20875,0.3735568862275449,0.3982754491017964,0.02085362290244509,34.23568862275449,0.01279150788456122,0.4285714285714286
IS,top 10%,+30% / -5%,m30_5,20875,0.1272814371257485,0.7570778443113773,0.011659490499871332,20.229221556886227,0.012103743083181014,0.14285714285714288
IS,top 10%,+30% / -8%,m30_8,20875,0.16335329341317364,0.6399041916167665,0.016571443422417426,28.272191616766467,0.012308925908113496,0.21052631578947367
IS,top 10%,+30% / -10%,m30_10,20875,0.1778682634730539,0.5716407185628742,0.01847782445917255,32.59362874251497,0.011905219781081739,0.25
IS,top 10%,+30% / -15%,m30_15,20875,0.20340119760479042,0.4204550898203593,0.02403602130813796,40.8900119760479,0.012344247973479876,0.33333333333333337
IS,top 2%,+5% / -5%,m5_5,4179,0.5271596075616176,0.4728403924383824,0.0009587620761397924,4.369227087820053,0.004608138509225698,0.5
IS,top 2%,+5% / -8%,m5_8,4179,0.6341229959320411,0.3656377123713807,0.0010505950969353507,6.165111270638909,0.003578604840550746,0.6153846153846154
IS,top 2%,+5% / -10%,m5_10,4179,0.6781526681024168,0.32136874850442687,0.000734934018779752,7.1969370662838,0.002144469828238205,0.6666666666666666
IS,top 2%,+5% / -15%,m5_15,4179,0.7513759272553242,0.24264178033022255,0.00022137869768099628,9.719071548217277,0.00047833300004398636,0.7499999999999999
IS,top 2%,+10% / -5%,m10_5,4179,0.38478104809763103,0.6128260349365877,0.005608360169307877,7.786791098348887,0.015125044715844319,0.3333333333333333
IS,top 2%,+10% / -8%,m10_8,4179,0.48887293610911703,0.5046661880832735,0.006866011921654906,11.105288346494376,0.012983566554601757,0.4444444444444445
IS,top 2%,+10% / -10%,m10_10,4179,0.5364919837281646,0.45226130653266333,0.0070651506210719,12.982531706149796,0.011428291985008457,0.5
IS,top 2%,+10% / -15%,m10_15,4179,0.6125867432400096,0.35080162718353675,0.007035023622090217,17.397224216319692,0.008491900444974972,0.6
IS,top 2%,+15% / -5%,m15_5,4179,0.3062933716200048,0.6826992103374013,0.009956199254485824,10.879157693228045,0.01921841655759329,0.25
IS,top 2%,+15% / -8%,m15_8,4179,0.39435271596075616,0.5783680306293372,0.012021850047283834,15.585307489830102,0.01619851588797319,0.3478260869565218
IS,top 2%,+15% / -10%,m15_10,4179,0.4359894711653506,0.5209380234505863,0.013147097698317674,18.23881311318497,0.015137446167759918,0.4
IS,top 2%,+15% / -15%,m15_15,4179,0.503709021296961,0.405120842306772,0.014341638947691752,23.877721943048577,0.01261319729829614,0.5
IS,top 2%,+20% / -5%,m20_5,4179,0.2481454893515195,0.7245752572385739,0.012704947919662922,13.52309164871979,0.019729505148933842,0.2
IS,top 2%,+20% / -8%,m20_8,4179,0.3194544149318019,0.6223977027997128,0.015595809458500342,19.16223977027997,0.017091530142341084,0.2857142857142857
IS,top 2%,+20% / -10%,m20_10,4179,0.3515195022732711,0.5640105288346494,0.016877284739264,22.31849724814549,0.015880234927286338,0.3333333333333333
IS,top 2%,+20% / -15%,m20_15,4179,0.408949509452022,0.4374252213448193,0.019465012766245786,28.774587221823403,0.014205773481301,0.4285714285714286
IS,top 2%,+30% / -5%,m30_5,4179,0.16056472840392438,0.7659727207465901,0.015752051491318187,17.58578607322326,0.01881025277689231,0.14285714285714288
IS,top 2%,+30% / -8%,m30_8,4179,0.20435510887772193,0.6637951663077292,0.020395362074492482,24.497008853792774,0.01748387348515122,0.21052631578947367
IS,top 2%,+30% / -10%,m30_10,4179,0.22349844460397225,0.6006221584111031,0.02256691295585791,28.25556353194544,0.016772101237238605,0.25
IS,top 2%,+30% / -15%,m30_15,4179,0.2562814070351759,0.4680545585068198,0.025614788943264036,35.62933716200048,0.015097405976506318,0.33333333333333337
OOS,all stocks,+5% / -5%,m5_5,280518,0.5261765733393222,0.4699306283375755,0.0008363846446075502,9.206393172630634,0.001907813104156163,0.5
OOS,all stocks,+5% / -8%,m5_8,280518,0.6398591177749734,0.3425306040967068,0.0029209651012763777,13.17637014380539,0.0046553236177599225,0.6153846153846154
OOS,all stocks,+5% / -10%,m5_10,280518,0.6864942713123579,0.28043120227578977,0.004368064931659036,15.449974689681232,0.0059371853616112516,0.6666666666666666
OOS,all stocks,+5% / -15%,m5_15,280518,0.7445618462986332,0.17407082611454525,0.006799433043923888,19.661757890759237,0.007262224197639527,0.7499999999999999
OOS,all stocks,+10% / -5%,m10_5,280518,0.35131078932546217,0.6122922593202575,0.0029725100252190684,16.070138101654795,0.0038843916669995863,0.3333333333333333
OOS,all stocks,+10% / -8%,m10_8,280518,0.4464882823918608,0.4684333982133054,0.00632203584024649,22.644942570530233,0.0058627992644128685,0.4444444444444445
OOS,all stocks,+10% / -10%,m10_10,280518,0.4865142343806815,0.3900640957086533,0.008449430200239328,26.180063311445256,0.006777601417314163,0.5
OOS,all stocks,+10% / -15%,m10_15,280518,0.5384075175211573,0.2447757363163861,0.012304578168291004,32.360700561104814,0.007984874772602553,0.6
OOS,all stocks,+15% / -5%,m15_5,280518,0.2400095537541263,0.6673225960544421,0.0045743324439748954,20.879929273700796,0.004600637294517367,0.25
OOS,all stocks,+15% / -8%,m15_8,280518,0.30876806479441604,0.5192144532614663,0.008781579336760718,28.914290705052796,0.006377924603204903,0.3478260869565218
OOS,all stocks,+15% / -10%,m15_10,280518,0.33746854034322216,0.43494178626683494,0.011300231341073282,33.10201840880086,0.007168893909485788,0.4
OOS,all stocks,+15% / -15%,m15_15,280518,0.3760721237139863,0.27418561375740597,0.01602061257902888,40.209384068045544,0.008367023568186666,0.5
OOS,all stocks,+20% / -5%,m20_5,280518,0.16238173664435082,0.6895778524016284,0.0056581592530956,23.917566787158044,0.004967952859603003,0.2
OOS,all stocks,+20% / -8%,m20_8,280518,0.20982610741556693,0.5400687299923712,0.010367398684526888,32.78505835632651,0.006640688877500573,0.2857142857142857
OOS,all stocks,+20% / -10%,m20_10,280518,0.2299246394170784,0.4536678573210988,0.013162276482944626,37.31523467299781,0.007407371508287804,0.3333333333333333
OOS,all stocks,+20% / -15%,m20_15,280518,0.25771608239043486,0.2870831818279041,0.018347189336963724,44.903114951625206,0.008580495506632846,0.4285714285714286
OOS,all stocks,+30% / -5%,m30_5,280518,0.07518947090739275,0.7037765847467898,0.0067296851580867885,26.87723425947711,0.005258107547654048,0.14285714285714288
OOS,all stocks,+30% / -8%,m30_8,280518,0.09839653783357931,0.5538432471356561,0.011978348853193753,36.530796597722784,0.0068858428872243475,0.21052631578947367
OOS,all stocks,+30% / -10%,m30_10,280518,0.10852066534054855,0.46619111786052947,0.015067285511352939,41.38823177122324,0.007644999126500737,0.25
OOS,all stocks,+30% / -15%,m30_15,280518,0.12329333590001354,0.295988136233682,0.020762441102493957,49.415663166000044,0.008823341329806665,0.33333333333333337
OOS,top 10%,+5% / -5%,m5_5,27565,0.5541810266642482,0.4457464175584981,0.003974114548777811,4.364338835479775,0.019122347890561893,0.5
OOS,top 10%,+5% / -8%,m5_8,27565,0.6688554326138219,0.33074551061128243,0.006000013006220961,6.209613640486124,0.020291161483724156,0.6153846153846154
OOS,top 10%,+5% / -10%,m5_10,27565,0.7237438781062943,0.2752403410121531,0.00796912067124065,7.39220025394522,0.022638934058467647,0.6666666666666666
OOS,top 10%,+5% / -15%,m5_15,27565,0.8104117540359151,0.18305822601124613,0.012727473933792323,9.966043896245239,0.02681876132517707,0.7499999999999999
OOS,top 10%,+10% / -5%,m10_5,27565,0.3937239252675494,0.6048249591873753,0.007132254919927833,7.8929439506620716,0.018976107553116597,0.3333333333333333
OOS,top 10%,+10% / -8%,m10_8,27565,0.5125702884092146,0.48249591873752945,0.011225568077546582,11.402466896426628,0.020674204255077017,0.4444444444444445
OOS,top 10%,+10% / -10%,m10_10,27565,0.5743152548521676,0.4150916016687829,0.014817042968766526,13.653872664610919,0.022788985219598414,0.5
OOS,top 10%,+10% / -15%,m10_15,27565,0.6749501179031381,0.28877199346998006,0.023168835261157785,18.410157808815526,0.02642810265598787,0.6
OOS,top 10%,+15% / -5%,m15_5,27565,0.3083257754398694,0.6826047524034101,0.010064966143329149,11.115835298385633,0.019014701399957666,0.25
OOS,top 10%,+15% / -8%,m15_8,27565,0.4148739343370216,0.5616542717213858,0.016317961524695675,16.047995646653366,0.021353270499551186,0.3478260869565218
OOS,top 10%,+15% / -10%,m15_10,27565,0.46925448938871755,0.4909123888989661,0.021018730411838396,19.182840558679484,0.023009800727812082,0.4
OOS,top 10%,+15% / -15%,m15_15,27565,0.5595501541810267,0.3455831670596771,0.03231181076365208,25.48782876836568,0.02662243348397241,0.5
OOS,top 10%,+20% / -5%,m20_5,27565,0.25046254307999277,0.7242880464356974,0.012984106520231548,13.830074369671685,0.019715457027678684,0.2
OOS,top 10%,+20% / -8%,m20_8,27565,0.33872664610919645,0.604280790857972,0.020754797292749694,19.89958280428079,0.021902506571845493,0.2857142857142857
OOS,top 10%,+20% / -10%,m20_10,27565,0.3833847270088881,0.5318338472700889,0.026304368915613708,23.62303645927807,0.023383604736000534,0.3333333333333333
OOS,top 10%,+20% / -15%,m20_15,27565,0.45898784690731,0.37620170506076545,0.03981611875864755,31.00232178487212,0.026970189514631784,0.4285714285714286
OOS,top 10%,+30% / -5%,m30_5,27565,0.16528206058407402,0.7592236531833847,0.017660285365550088,17.8033738436423,0.0208312197414756,0.14285714285714288
OOS,top 10%,+30% / -8%,m30_8,27565,0.22093234173771087,0.6412116814801379,0.026979203832260792,25.27563939778705,0.02241538864995363,0.21052631578947367
OOS,top 10%,+30% / -10%,m30_10,27565,0.24922909486667877,0.566805731906403,0.03371279974359387,29.695737348086343,0.02384075486379847,0.25
OOS,top 10%,+30% / -15%,m30_15,27565,0.2951569018683113,0.4023580627607473,0.04912614285027567,38.256520950480684,0.02696661834961829,0.33333333333333337
OOS,top 2%,+5% / -5%,m5_5,5469,0.5655512890839276,0.43426586213201684,0.0050818298787183745,3.9645273358932163,0.026918323020981762,0.5
OOS,top 2%,+5% / -8%,m5_8,5469,0.6776375937100019,0.3218138599378314,0.0072826799089777015,5.6006582556226,0.027306839858510613,0.6153846153846154
OOS,top 2%,+5% / -10%,m5_10,5469,0.727921009325288,0.2706162004022673,0.008759553695888909,6.609434997257268,0.02783152080170264,0.6666666666666666
OOS,top 2%,+5% / -15%,m5_15,5469,0.8228195282501372,0.17224355458036203,0.01532123461510873,8.938379959773268,0.035996000210920184,0.7499999999999999
OOS,top 2%,+10% / -5%,m10_5,5469,0.4108612177729018,0.588773084658987,0.009808769083124974,7.0374840007313955,0.029269572864992207,0.3333333333333333
OOS,top 2%,+10% / -8%,m10_8,5469,0.5308100201133662,0.4671786432620223,0.014872532844722518,10.130371183031633,0.03083037966686888,0.4444444444444445
OOS,top 2%,+10% / -10%,m10_10,5469,0.5874931431705979,0.4068385445236789,0.017454264454415787,12.058145913329676,0.03039767109946318,0.5
OOS,top 2%,+10% / -15%,m10_15,5469,0.7021393307734504,0.2748217224355458,0.028845364264258783,16.454744925946244,0.0368132506626869,0.6
OOS,top 2%,+15% / -5%,m15_5,5469,0.3285792649478881,0.6655695739623332,0.014230023554246482,9.95483635033827,0.03001862452806888,0.25
OOS,top 2%,+15% / -8%,m15_8,5469,0.44048272078990675,0.5454379228378131,0.022100697838968068,14.356189431340281,0.0323285407202237,0.3478260869565218
OOS,top 2%,+15% / -10%,m15_10,5469,0.4913146827573597,0.484549277747303,0.025301014962698515,16.952459316145546,0.03134184275615029,0.4
OOS,top 2%,+15% / -15%,m15_15,5469,0.5968184311574328,0.3373560065825562,0.03989860476426122,22.98171512159444,0.03645814490417177,0.5
OOS,top 2%,+20% / -5%,m20_5,5469,0.27683305906015726,0.7087218869994515,0.01842665708323092,12.553300420552203,0.030825343597634343,0.2
OOS,top 2%,+20% / -8%,m20_8,5469,0.37374291460961784,0.5906015724995429,0.028150527438072098,18.011153775827392,0.0328219437553693,0.2857142857142857
OOS,top 2%,+20% / -10%,m20_10,5469,0.4176266227829585,0.5286158347046992,0.0321517352096891,21.147376119948802,0.031927669682223714,0.3333333333333333
OOS,top 2%,+20% / -15%,m20_15,5469,0.5097824099469739,0.36862314865606144,0.049980532475345577,28.31157432803072,0.037072865317245116,0.4285714285714286
OOS,top 2%,+30% / -5%,m30_5,5469,0.19674529164381058,0.7454744925946243,0.025849601830686016,16.64911318339733,0.03260483801538053,0.14285714285714288
OOS,top 2%,+30% / -8%,m30_8,5469,0.2627537026878771,0.63338818796855,0.03718977118489482,23.479795209361857,0.03326201050388195,0.21052631578947367
OOS,top 2%,+30% / -10%,m30_10,5469,0.29328944962516,0.5710367526055952,0.04232761064801085,27.282318522581825,0.032580802209771643,0.25
OOS,top 2%,+30% / -15%,m30_15,5469,0.3521667580910587,0.4022673249222893,0.06211573899027128,35.882611080636316,0.036352720148050195,0.33333333333333337
