entry,filter,exit,IS_n,IS_per_yr,IS_win,IS_avgR,IS_t,OOS_n,OOS_per_yr,OOS_win,OOS_avgR,OOS_pf,OOS_t,OOS_R_per_yr
ep_gap15,rs80_mkt,bracket_20_10,68,5.669253595069619,0.5441176470588235,0.5384598952060675,3.173481195630392,152,17.33853841349157,0.4473684210526316,0.23516708368582553,1.4215724058946713,2.0155404186040666,4.077453514075472
flag_30,rs80_early_theme,bracket_20_10,135,11.255135813741155,0.4962962962962963,0.3324386744035615,2.713878643249899,216,24.63897564022486,0.42592592592592593,0.21926801399914203,1.3826554130131403,2.167093404017155,5.402539255605344
flag_30_early,wf_scan_green,bracket_20_10,583,48.60551244008217,0.4288164665523156,0.17974301745857896,3.03264404338995,1035,118.06175827607746,0.4318840579710145,0.18626828356938446,1.3268303516940314,4.194681851109783,21.991161069268518
falling_wedge,all,bracket_20_10,1264,105.38141976717644,0.5759493670886076,0.3012831679973289,9.177655223484768,1532,174.75421611492817,0.47911227154047,0.16772801854845876,1.3664294867476552,5.335073938655589,29.311178401946044
ep_gap8_neglected,wf_scan_green,bracket_10_10,165,13.756277105683633,0.6909090909090909,0.3485523964193734,5.098800211946525,213,24.29676764522174,0.5774647887323944,0.15819173769701814,1.3970360498583347,2.3752545357908263,3.8435478942183146
ep_gap10_vol5,wf_scan_green,bracket_10_10,145,12.088849577721982,0.6620689655172414,0.3049693690420225,3.8715764837635,181,20.64654903185509,0.585635359116022,0.15778171865897284,1.3910748473180887,2.1712407734550445,3.257647990622848
ep_gap10_vol2,wf_scan_green,bracket_10_10,219,18.258331431180096,0.6301369863013698,0.248509216466791,3.8329777245003407,399,45.513663335415366,0.581453634085213,0.1494407871817437,1.3597596424288014,3.018304282654284,6.801597676369339
ep_gap10,wf_scan_green,bracket_10_10,202,16.84101803241269,0.6237623762376238,0.23300909133867756,3.4273198500599396,332,37.87101811367895,0.5753012048192772,0.13944297686712928,1.3346809883582809,2.577992371728871,5.280847502760368
tc_supertrend_ema,all,bracket_20_10,18968,1581.3882675188313,0.5289434837621256,0.21226860896900404,24.55400276525823,23177,2643.784900062461,0.46981921732752296,0.1380500484258863,1.275327924892867,16.42957435288696,364.9746334812498
undercut,all,bracket_20_10,23149,1929.9639922392148,0.5380793986781286,0.22842342093072898,29.52700770071502,26660,3041.088382261087,0.4651912978244561,0.1259960608984534,1.2565790339428484,16.42994135313802,383.16515700894706
desc_triangle,all,bracket_20_10,775,64.61281670851403,0.5716129032258065,0.24441028744673296,6.276441002190472,713,81.33143347907559,0.48106591865357645,0.10763001769747152,1.2367207720675848,2.461290822606878,8.753703624713632
wf_scan_pullback,wf_scan,bracket_20_10,70493,5877.098436430038,0.5446072659696708,0.18308038377745628,44.560651896981895,67602,7711.314959400375,0.4675601313570604,0.08770611575754121,1.1833381107197902,19.125860355212048,676.3294824720285
flag_60,rs80_theme,bracket_20_10,145,12.088849577721982,0.4827586206896552,0.3497568121244167,2.8470345291381993,259,29.54395690193629,0.3861003861003861,0.08751579146817845,1.1346173095142436,0.9271732197456687,2.5855627713747076
base_25,mkt_ok,bracket_20_10,1506,125.55729285551244,0.4674634794156706,0.15281360508100045,4.465865096737587,1917,218.67090880699564,0.4173187271778821,0.08715845501010516,1.149049579916778,2.7792102808359873,19.059018567273338
ep_gap5,wf_scan_green,bracket_10_10,859,71.61601232595298,0.6263096623981373,0.22629805569286535,7.134260854835876,922,105.17192379762649,0.5553145336225597,0.08452091986159925,1.194505626618382,2.610982742840847,8.889227742989412
ep_gap8_hold,wf_scan_green,bracket_10_10,303,25.261527048619037,0.636963696369637,0.2580460790520159,4.736864580354818,436,49.73422860712055,0.5481651376146789,0.08009915662621823,1.1810096656208582,1.6786367798542259,3.9836697668858925
sym_triangle,all,bracket_10_10,885,73.78366811230313,0.5740112994350283,0.11682924613801204,3.585706278502543,925,105.51413179262961,0.5513513513513514,0.07765497484839068,1.185999047504491,2.4451072457013843,8.193697250506432
ema_retest,all,bracket_20_10,14510,1209.718671536179,0.5467953135768435,0.1932483073928115,21.029773286698,15872,1810.5084322298565,0.45564516129032256,0.07590504300292598,1.1528224614231994,7.865435052094092,137.42672040556738
donchian_20,all,bracket_20_10,69887,5826.5753823328005,0.524231974473078,0.1638647495364087,38.1825141746689,79170,9030.868988132417,0.4502084122773778,0.07213068823891365,1.140234475660923,16.319190437792646,651.402795509453
pocket_pivot,all,bracket_20_10,48750,4064.354599406528,0.5435692307692308,0.18621415292835178,37.43571360395405,48603,5544.111727045597,0.45503363989877166,0.0614958117200056,1.123872833368608,11.284476776503148,340.93965092107106
donchian_55,all,bracket_20_10,47692,3976.1476831773566,0.5302566468170763,0.1612646214774271,31.6799429508964,51411,5864.41841036852,0.4470833090194705,0.056581448310316036,1.1105179265725944,10.469301543228768,331.81728715633216
asc_triangle,all,bracket_20_10,1097,91.45839990869665,0.5633546034639927,0.19443984790533228,6.183189015372289,873,99.5825265459088,0.4616265750286369,0.05655709400992811,1.118432824683513,1.4339433848126053,5.632098315603126
random_uptrend,all,bracket_10_10,31055,2589.098094042456,0.5915633553373048,0.14598602025385768,28.15236013875544,34706,3958.890224859463,0.5374575001440673,0.055596005708989205,1.1269272285639933,10.601566110839567,220.09848354254825
wf_rocket_gap,wf_scan_green,bracket_10_10,1251,104.29759187400137,0.6027178257394085,0.18934439510311488,7.057550617485316,1478,168.59447220487198,0.5365358592692828,0.05076373905681971,1.1139347550054186,1.9966812859053413,8.558485793430364
qull_breakout_60,wf_scan_green,bracket_10_10,354,29.51346724492125,0.5621468926553672,0.14047610052561355,2.3141905837465595,998,113.84119300437227,0.531062124248497,0.049034275614725564,1.0995715164903674,1.4645879924726037,5.5821204340855575
qull_breakout,wf_scan_green,bracket_10_10,904,75.36772426386669,0.5707964601769911,0.14212826729249373,4.015541062832375,2007,228.93714865708932,0.5296462381664175,0.04831691526292299,1.0987540631333166,2.0661750210810172,11.06153681219979
wf_scan_base,all,bracket_20_10,31850,2655.3783382789316,0.5689795918367347,0.19213014364819442,33.65220261398606,24901,2840.4404278575894,0.47335448375567246,0.04227024605469512,1.0923603473458905,6.0440492967373185,120.06611578924378
wf_rocket_breakout,all,bracket_10_10,2433,202.84255877653504,0.6054254007398274,0.16570823459498538,8.970681155510352,2521,287.5687851342911,0.53550178500595,0.03990620257276029,1.0896880223766936,2.065995799509898,11.4757781931716
tc_ema_cross_base,all,bracket_20_10,7374,614.7805295594613,0.543802549498237,0.1739089182509548,13.668756558159405,6955,793.352201748907,0.4507548526240115,0.03479227620629493,1.0705999545054887,2.495094438240046,27.602528932120187
high52_fresh,all,bracket_10_10,8213,684.7291143574527,0.6075733593084135,0.16529458028968788,16.94077753892271,8509,970.6159431605247,0.5267363967563756,0.03216336085582845,1.0725187668519631,3.0798624440878513,31.21827083229223
high52,all,bracket_10_10,30219,2519.399623373659,0.5897614083854529,0.13582703606192847,26.57110645466535,29496,3364.589006870706,0.520477352861405,0.02117929751782873,1.0476882983907003,3.792363435545224,71.25963160173058
base_50,all,bracket_10_10,2341,195.17239214791144,0.5642887654848355,0.10533812003240423,5.165267689173868,2714,309.5841661461587,0.5198968312453942,0.01912428246917067,1.039941836641524,0.9870631035824153,5.920575041361802
rising_wedge,all,bracket_10_10,2108,175.74686144715818,0.5815939278937381,0.12475269771122867,6.490137495023247,1763,201.10423173016866,0.5201361315938741,0.018501364652139266,1.0424660247565705,0.8190507608765274,3.720702724328166
tight_coil_7,all,bracket_10_10,6385,532.3262383017576,0.5893500391542679,0.15076060975783978,13.303317107866661,5418,618.0276389756402,0.5155038759689923,0.014022803306545211,1.0307648151157882,1.0565686724423946,8.666480019363938
vcp,wf_scan,bracket_20_10,1174,97.877995891349,0.5536626916524702,0.1800157573665401,5.763965908301353,725,82.70026545908807,0.45241379310344826,0.010745546569533903,1.0219563578724333,0.25614253220423555,0.888659553803447
multi_touch,all,bracket_10_10,12631,1053.0638552841817,0.586651888211543,0.13546032435810484,16.767692186681018,10761,1227.5000780762025,0.5100827060682093,0.0008004741395205113,1.0017566924525552,0.08655346058737218,0.9825820687594086
stage2,all,bracket_10_10,6000,500.22825838849576,0.6091666666666666,0.177044915770514,15.555587086038292,4905,559.5100718301062,0.5082568807339449,-0.004363473954897233,0.9903134908798379,-0.3230099630221576,-2.4414076259333486
tc_ema200_2nd,mkt_ok,bracket_10_10,761,63.44561743894088,0.5716162943495401,0.12293190079460926,3.621606193532132,1073,122.39639287945035,0.5013979496738118,-0.00537778210841082,0.9885495150244318,-0.17904010193069417,-0.6582211317611295
tc_reversal_base,mkt_ok,bracket_10_10,153,12.755820588906642,0.7189542483660131,0.44739366132839054,5.592230227853551,134,15.28529044347283,0.5,-0.022763965011977437,0.956794223665732,-0.2498822263028159,-0.3479538168531286
tight_coil_15,wf_scan,bracket_10_10,892,74.3672677470897,0.6233183856502242,0.18881214412781222,6.437339149448012,688,78.47970018738289,0.48691860465116277,-0.04009428687412617,0.9153471737009055,-1.1014695395879168,-3.1465876131083426
htf,all,sma50_close,53,4.418682949098379,0.16981132075471697,0.3868321357470638,0.631753775103598,102,11.635071830106185,0.10784313725490197,-0.36019445053648713,0.6265849332417994,-1.2720571073945761,-4.190888304797657
