exit,IS_avgR,OOS_avgR,OOS_win,OOS_pf,OOS_beats_baseline_share
sma50_close,0.06467769619419748,0.11082601745972166,0.2563180902904974,1.161052392630076,0.65625
bracket_20_10,0.161916379965483,0.08930625986031199,0.4332078936746322,1.1651398213708946,0.5
oneil_20_8,0.1146848586491253,0.03278236127590625,0.257771179414725,1.048168935352021,0.75
bracket_10_10,0.11697045717376535,0.0284608624562487,0.5225842481668063,1.0677545946363147,0.1875
trim_ema,0.0013957955825941726,0.012305517156330825,0.33799012918775384,1.0298269082269385,0.78125
donchian_10low,0.014178815389812246,0.01066416032596967,0.28387190363663317,1.0313129294634964,0.71875
chandelier_3atr,0.024300834980815103,0.0005305784603851903,0.28634569852964237,1.012510039756693,0.71875
fixed_3r_20d,-0.008144366833608191,-0.0142836543489698,0.3625145049758383,0.9937536605350751,0.8125
ema21_close,-0.044442575930040265,-0.01901847694945663,0.2946476610330478,0.9767766249481764,0.71875
qull_sma20,-0.050392044285324566,-0.03785361871604874,0.4226233967284491,0.9393088655201052,0.78125
qull_sma10,-0.05272823418632719,-0.048537703040659574,0.41722814213228415,0.912759648090617,0.84375
