p_b10,n,predicted,hit_target,hit_stop,avg_net_return,median_return
0,27959,0.26596984863979783,0.39633033,0.35097821810508245,0.0038391512,0.016506357
1,27959,0.3548596672250192,0.44862118,0.3374584212597017,0.010315601,0.03922641
2,27958,0.4009954181983763,0.46795192,0.36608484154803633,0.0090239225,0.045734204
3,27959,0.4357830087971185,0.47941628,0.3892843091669945,0.0077177905,0.0495412
4,27958,0.46553686851212556,0.48590744,0.4061449316832391,0.006707147,0.05677798
5,27959,0.4931396434165903,0.50030404,0.40713187166922993,0.0077949115,0.098
6,27958,0.5213727139541277,0.51033694,0.4099363330710351,0.008914193,0.098
7,27959,0.5538324840203451,0.50831574,0.42115240173110624,0.0073793037,0.098
8,27958,0.5969129573557607,0.51341295,0.4220974318620788,0.0077453605,0.098
9,27959,0.6875933138509559,0.5559212,0.39085804213312353,0.015259861,0.098
