feature,rank_corr_drop
sma200_slope,0.005857114597627937
adr_pct,0.00525934836928518
above_52w_low,0.005078034510987259
rs_rank,0.004643759052318012
mkt_ok,0.0040884971282996166
rates_rising,0.003675389462607879
industry_rs,0.003673480883634133
sma150_slope,0.003008619869711649
mkt_ema_stack,0.002785634390555946
mkt_above200,0.0022344001392337544
base_count,0.0020641434680134132
sector_rs,0.0019909180680931396
gap,0.0015318495256470457
atr_ratio,0.001245085496141352
qqq_trend,0.001058765379965931
risk_pct,0.0008114022661247338
risk_adr,0.000596242551184781
higher_lows,0.0005927265031392374
tight_10,0.00046768397838408554
industry_rank,0.00046179834270924
atr_pct,0.00038643730964049543
ext_ema8_adr,0.00038461540916577726
qull_rank,0.00032360358734617674
close_std_10,0.0002880648591189738
mkt_ret_21,0.00025843863252834307
leg3_range,0.00017523276180622487
stage,0.00015366986928991357
contraction_ratio,0.00014143105282301768
down_vol_ratio_10,0.00010982797168136137
dist_sma50,0.00010816758653294535
is_undercut,0.00010670524473510232
close_in_range_20,2.069123832763459e-05
is_sym_triangle,0.0
is_qull_breakout_60,0.0
is_high52,0.0
is_flag_60,0.0
is_htf,0.0
is_multi_touch,0.0
is_pocket_pivot,0.0
is_high52_fresh,0.0
is_ep_gap8_hold,0.0
is_ep_gap10_vol5,0.0
is_ep_gap15,0.0
is_ep_gap5,0.0
is_flag_30,0.0
is_ep_gap8_neglected,0.0
is_flag_30_early,0.0
ema_stack,0.0
above_emas,0.0
base_depth,0.0
pattern_touches,0.0
flag_depth,0.0
pattern_width,0.0
flag_days,0.0
pattern_len,0.0
coil_range,0.0
is_desc_triangle,0.0
is_ep_gap10,0.0
is_donchian_55,0.0
is_donchian_20,0.0
is_base_25,0.0
is_base_50,0.0
is_asc_triangle,0.0
contraction,0.0
is_tight_coil_7,0.0
is_tight_coil_15,0.0
is_stage2,0.0
is_rising_wedge,0.0
is_vcp,0.0
is_ep_gap10_vol2,0.0
contracting,-1.9997431918283154e-06
prior_move,-5.28206935626029e-06
is_qull_breakout,-7.01613206158883e-06
is_falling_wedge,-9.336464673519404e-06
is_ema_retest,-9.75094691518276e-06
dist_to_pivot,-3.259745270526443e-05
days_since_pivot,-4.0727797474147724e-05
distribution_days_25,-4.184699495079237e-05
vol_dryup,-9.132244440100748e-05
qqq_ok,-9.86072892078226e-05
base_depth_60,-9.862119362152287e-05
down_candle_exp_5,-0.000237691201767432
setup_score,-0.0002887961876127954
close_strength,-0.0003094599435678226
range_pos_12m,-0.00030971419555684876
vol_ratio,-0.0004197918228237777
closes_below_e21_10,-0.0004629132822456111
ret_63,-0.0004996525495928878
updown_vol_50,-0.0005321940070308519
leg1_range,-0.0007497227705651529
dist_ema21,-0.0007607449851989266
leg2_range,-0.001093071271456813
dist_52w_high,-0.0013559166696501482
ret_126,-0.0015956270126223366
qqq_ret_21,-0.008531726681797303
breadth_50,-0.011170486199197903
