entry_name,n_all,avgR_all,n_taken,avgR_taken,avgR_skipped
flag_60,616.0,0.06605144590139389,151.0,0.13849322497844696,0.04252735525369644
ep_gap8_neglected,934.0,0.13861894607543945,548.0,0.09658122062683105,0.19829942286014557
ep_gap5,2322.0,0.05350387096405029,1326.0,0.08908996731042862,0.006127215921878815
flag_30_early,1953.0,0.16824808716773987,256.0,0.08108940720558167,0.18139633536338806
undercut,26315.0,0.08335193246603012,4011.0,0.06420060992240906,0.08679596334695816
ep_gap10,933.0,0.10791902989149094,543.0,0.0596141554415226,0.17517422139644623
flag_30,1790.0,-0.009107952006161213,398.0,0.05650896579027176,-0.02786911465227604
donchian_20,78107.0,0.042416300624608994,47208.0,0.050396326929330826,0.030224278569221497
base_50,2664.0,0.06987779587507248,983.0,0.04298902302980423,0.08560154587030411
ema_retest,15673.0,0.039963360875844955,3856.0,0.03988749161362648,0.03998811915516853
base_25,2441.0,0.053689032793045044,900.0,0.03534897044301033,0.06440029293298721
donchian_55,50716.0,0.01557377353310585,27552.0,0.02038733661174774,0.009848354384303093
high52,29116.0,-0.08479741960763931,3068.0,-0.003066852455958724,-0.09442384541034698
vcp,880.0,0.00237937830388546,775.0,-0.007638805545866489,0.0763230174779892
pocket_pivot,48059.0,-0.0720481276512146,2344.0,-0.031718362122774124,-0.07411599904298782
multi_touch,10634.0,-0.08067342638969421,2578.0,-0.03544791415333748,-0.09514603018760681
high52_fresh,8413.0,0.00583774084225297,1581.0,-0.06787074357271194,0.022894682362675667
stage2,4842.0,-0.12143076956272125,1618.0,-0.10668641328811646,-0.12883040308952332
htf,98.0,-0.21134088933467865,25.0,-0.34519141912460327,-0.16550162434577942
