date,ticker,list,close,p_b20,p_b10
2026-10-07,WWW,all,18.850000381469727,0.3685645549318364,0.478191148171905
2026-10-07,ASTE,all,39.209999084472656,0.3685645549318364,0.478191148171905
2026-10-07,KMPR,all,26.25,0.3685645549318364,0.478191148171905
2026-10-07,ADNT,all,17.549999237060547,0.3685645549318364,0.478191148171905
2026-10-07,APTV,all,44.220001220703125,0.3685645549318364,0.478191148171905
2026-10-07,HLI,all,125.22000122070312,0.3685645549318364,0.478191148171905
2026-10-07,WS,all,35.560001373291016,0.3685645549318364,0.5003207184092366
2026-10-07,SNEX,all,61.459999084472656,0.3685645549318364,0.5042502004811548
2026-10-07,AEO,all,17.65999984741211,0.3685645549318364,0.5003207184092366
2026-10-07,EAT,all,185.3099975585937,0.3685645549318364,0.5042502004811548
2026-10-07,WT,leaders,23.3700008392334,0.3685645549318364,0.5003207184092366
2026-10-07,KSS,leaders,20.1200008392334,0.3685645549318364,0.5003207184092366
2026-10-07,VSTS,leaders,13.9399995803833,0.3685645549318364,0.5249398556535686
2026-10-07,PAYC,leaders,223.5800018310547,0.3685645549318364,0.4951082598235766
2026-10-07,SN,leaders,185.19000244140625,0.3685645549318364,0.5042502004811548
2026-10-07,NVT,leaders,167.82000732421875,0.3685645549318364,0.5421744708146248
2026-10-07,ECPG,leaders,99.2699966430664,0.3685645549318364,0.5249398556535686
2026-10-07,MPC,leaders,442.260009765625,0.3685645549318364,0.5190056134723336
2026-10-07,LPG,leaders,56.209999084472656,0.3685645549318364,0.5348837209302325
2026-10-07,PSX,leaders,271.6199951171875,0.3685645549318364,0.5348837209302325
2026-10-08,MTZ,all,216.66000366210935,0.3771874005727012,0.5027044225262488
2026-10-08,PZZA,all,19.459999084472656,0.3771874005727012,0.5027044225262488
2026-10-08,GPI,all,236.6100006103516,0.3771874005727012,0.5027044225262488
2026-10-08,RUN,all,7.590000152587891,0.3771874005727012,0.5027044225262488
2026-10-08,RSI,all,20.31999969482422,0.3771874005727012,0.5027044225262488
2026-10-08,DFH,all,9.600000381469728,0.3771874005727012,0.5027044225262488
2026-10-08,PLNT,all,44.02999877929688,0.3771874005727012,0.5027044225262488
2026-10-08,HUBS,all,231.83999633789065,0.3771874005727012,0.5027044225262488
2026-10-08,VRT,all,243.72999572753903,0.3771874005727012,0.5027044225262488
2026-10-08,CHWY,all,18.90999984741211,0.3771874005727012,0.5027044225262488
2026-10-08,BE,leaders,272.82000732421875,0.3771874005727012,0.5027044225262488
2026-10-08,RXO,leaders,28.93000030517578,0.3771874005727012,0.5027044225262488
2026-10-08,GEV,leaders,999.3499755859376,0.3771874005727012,0.5027044225262488
2026-10-08,ANF,leaders,141.41000366210938,0.3771874005727012,0.5027044225262488
2026-10-08,KSS,leaders,20.11000061035156,0.3771874005727012,0.5027044225262488
2026-10-08,EZPW,leaders,31.170000076293945,0.3771874005727012,0.5027044225262488
2026-10-08,FDS,leaders,286.5199890136719,0.3771874005727012,0.5027044225262488
2026-10-08,PAYC,leaders,229.8999938964844,0.3771874005727012,0.5027044225262488
2026-10-08,CAKE,leaders,106.91000366210938,0.3771874005727012,0.5027044225262488
2026-10-08,MTRN,leaders,277.1099853515625,0.3771874005727012,0.5027044225262488
2026-10-09,OI,all,6.079999923706055,0.3708061695023056,0.49960248052154554
2026-10-09,MTZ,all,212.64999389648438,0.3708061695023056,0.49960248052154554
2026-10-09,SEDG,all,32.209999084472656,0.3708061695023056,0.49960248052154554
2026-10-09,ICHR,all,59.90999984741211,0.3708061695023056,0.5334711400858642
2026-10-09,PZZA,all,19.75,0.3708061695023056,0.49960248052154554
2026-10-09,MP,all,46.13999938964844,0.3708061695023056,0.4839376590330789
2026-10-09,MKSI,all,264.5,0.3708061695023056,0.49689934806805536
2026-10-09,AMKR,all,49.119998931884766,0.3708061695023056,0.49689934806805536
2026-10-09,MARA,all,9.649999618530273,0.3708061695023056,0.5215455557322308
2026-10-09,LBRT,all,19.0,0.3708061695023056,0.49960248052154554
2026-10-09,FORM,leaders,139.6699981689453,0.3708061695023056,0.5334711400858642
2026-10-09,NSIT,leaders,163.61000061035156,0.3708061695023056,0.5278307888040712
2026-10-09,AZTA,leaders,37.720001220703125,0.3708061695023056,0.5215455557322308
2026-10-09,P,leaders,154.49000549316406,0.3708061695023056,0.5313295165394402
2026-10-09,ONTO,leaders,294.5299987792969,0.35575699745547074,0.5334711400858642
2026-10-09,DAVE,leaders,368.4200134277344,0.35575699745547074,0.5114503816793893
2026-10-09,ANF,leaders,142.5800018310547,0.35575699745547074,0.49689934806805536
2026-10-09,RXO,leaders,29.079999923706055,0.35575699745547074,0.5334711400858642
2026-10-09,BE,leaders,280.5,0.35575699745547074,0.5215455557322308
2026-10-09,MU,leaders,1029.0,0.35575699745547074,0.5258387660995388
