strategy,CAGR,max_DD,max_DD_realized,trades,win,avg_positions,final_equity,top2_years_share
donchian_20 / all / bracket_20_10,0.09307598481971957,-0.4351279113333757,-0.4167323814509968,802.0,0.41271820448877805,9.308216068996822,218082.32903338238,1.02182817251119
pocket_pivot / all / bracket_20_10,0.07943179091289232,-0.352337645450601,-0.31205062815816453,570.0,0.4192982456140351,7.269178393100318,195356.22482247843,0.5738194126325781
donchian_55 / all / bracket_20_10,0.02554614697564661,-0.37791199001459974,-0.3423412168095006,744.0,0.40725806451612906,9.045392646391285,124732.5822493592,2.122760120962239
undercut / all / bracket_20_10,0.19869406147145585,-0.36467320851251106,-0.2983277047514761,599.0,0.44741235392320533,7.752610077167499,489298.1014179592,0.6316636796303652
high52 / all / bracket_10_10,-0.029480548397975093,-0.5347030688412464,-0.5139301481254455,1007.0,0.5084409136047666,7.558783477076713,76938.30082356631,
"All setups, ML-filtered (top third), ranked by ML / bracket_20_10",0.08846941159665977,-0.4235353957741398,-0.38984545021721284,686.0,0.4314868804664723,8.466182478438492,210160.69315163672,0.6736380218851941
"All setups, ranked by RS / bracket_20_10",0.152983674486312,-0.40392027913264283,-0.3852963430219466,1058.0,0.3931947069943289,9.070358601906491,348048.8970049862,0.5223875004989282
"All setups, random order / bracket_20_10",0.003813212209337058,-0.3592733741141212,-0.3268965637390646,516.0,0.436046511627907,8.30640036314117,103390.66431126541,16.06006776061891
"All setups + rs80_early filter, ranked by RS / bracket_20_10",0.13560717836783875,-0.3036263873053443,-0.28125518263755944,798.0,0.40601503759398494,8.641852019972765,304691.5468592386,0.6266331985330368
"BASELINE random entries, ranked by RS / bracket_20_10",0.07727688180051318,-0.4605228390217879,-0.4374985669657684,662.0,0.4108761329305136,7.684521107580572,191965.7663145191,1.0218065372870213
"BASELINE random entries, random order / bracket_20_10",0.04714822093290527,-0.3643619773180644,-0.3168216151809419,459.0,0.46405228758169936,7.752156150703586,149724.86639953929,1.242212234409119
"IS-selected setups (3), ranked by RS / bracket_20_10",0.035120375472950105,-0.4045165706506886,-0.3771338334987533,522.0,0.4272030651340996,7.886064457557875,135312.13242110895,1.4268005679170792
"IS-selected setups, only when SPY > 200d / bracket_20_10",-0.021147596439375582,-0.4349370902021046,-0.4184120999710873,421.0,0.38954869358669836,6.763504312301407,82922.49354907524,
"IS-selected setups (21), ranked by RS / sma50_close",0.12451000564451564,-0.5296105147040457,-0.4546947296943392,917.0,0.247546346782988,8.78620063549705,279573.4501012586,0.6618398793902582
"IS-selected setups, only when SPY > 200d / sma50_close",0.12117279776035272,-0.5210101539801875,-0.4671051247961384,786.0,0.23918575063613232,7.63640490240581,272387.5891881679,0.7860837205980811
"All setups, ranked by RS / sma50_close",0.05685774783465569,-0.5401579147296066,-0.4909893114935815,1189.0,0.26324642556770395,8.588288697231048,162334.86739655133,1.2941651103550664
"Top 5 strategies by IS expectancy (own exits), ranked by RS",0.10049824264036578,-0.3301829943472391,-0.24823956769423294,444.0,0.3063063063063063,5.627326373127553,231403.23198268883,0.6797469503334987
"Top 10 strategies by IS expectancy (own exits), ranked by RS",0.13064182540313252,-0.2818966732516395,-0.18843051669721633,616.0,0.3409090909090909,7.703132092600999,293215.7341136313,0.572954284414706
"Top 20 strategies by IS expectancy (own exits), ranked by RS",0.13841794854507494,-0.261381048144669,-0.18163102161835498,620.0,0.3403225806451613,7.843849296413981,311362.56214016187,0.6172203202201721
"Top 20 by IS expectancy, adaptive sizing (x0.5 / x1.5 by last 20 trades)",0.1672030396792923,-0.2389586867730248,-0.15671618432035272,607.0,0.3525535420098847,7.970948706309578,387505.5471200039,0.5937437938951511
"Top 20 by IS expectancy, ranked by superperformer model",0.10045377670389466,-0.262648899072096,-0.2450872675555944,671.0,0.32190760059612517,7.9618701770313205,231321.32910342116,0.6496357630665489
"All setups, ranked by superperformer model / bracket_20_10",0.22962355526149514,-0.4338050516949883,-0.4086217809528999,1330.0,0.3902255639097744,9.143894689060373,611652.8677804501,0.6887054125801231
Only setups in the model's top 10% likely superperformers / sma50_close,0.27575678846741547,-0.42207004429139994,-0.3610876912763572,1346.0,0.312778603268945,8.8197911938266,844589.007837452,0.5058986262307059
CHECK random entries in the model's top 10% / sma50_close,0.19745493976158435,-0.4293304373839988,-0.3447315399485624,978.0,0.14519427402862986,5.354516568315933,484884.4572576222,0.5305068548949456
"CHECK top 10% model, leaders only (within 40% of 52w high) / sma50_close",0.31557290391215775,-0.38889384474614497,-0.30864835594740814,1214.0,0.3154859967051071,8.660463004993192,1105555.1395180942,0.4060599144716049
Top 10% model + adaptive sizing / sma50_close,0.3260284529369466,-0.31274148790380063,-0.23072386597053773,1375.0,0.3170909090909091,9.028143440762596,1184951.2188369436,0.4520591875805823
Top 10% CLEAN model (+40% before -20%) / sma50_close,0.28324779622414376,-0.3346285189027083,-0.2938285198029801,1308.0,0.32033639143730885,8.782115297321834,889041.0167317683,0.43343229273061845
"GOAL b20: model's top 10% stocks, no setup needed / bracket_20_10",0.22065826231263586,-0.40909759261748013,-0.3648644426070142,1145.0,0.4131004366812227,9.446209714026327,573669.1248044303,0.5759879572118739
GOAL b20: model top 10% + adaptive sizing / bracket_20_10,0.20284992231089127,-0.33831421482398694,-0.28878225575829986,1138.0,0.4200351493848858,9.330912392192465,504361.92370844836,0.63111255594662
GOAL b20: setups in the model's top 10% / bracket_20_10,0.09798250180476731,-0.3874388145552431,-0.3730053599027626,984.0,0.3861788617886179,8.51838402178847,226809.60340527224,1.0015546330846639
"GOAL b20: model top 10%, S&P 500 point-in-time only / bracket_20_10",0.1799600719977803,-0.29106943006515706,-0.2668431992068441,730.0,0.43424657534246575,8.02405810258738,426224.41462883935,0.6688925629092527
"GOAL b10: model's top 10% stocks, no setup needed / bracket_10_10",0.14740293844871766,-0.3357249213775415,-0.32003196399296263,1300.0,0.5623076923076923,8.311847480708126,333563.7304974404,0.6643866699951931
GOAL b10: model top 10% + adaptive sizing / bracket_10_10,0.12668401582415867,-0.31776371275407445,-0.30115567211208616,1261.0,0.5670103092783505,8.058556513844756,284344.5014707172,0.6435270771548619
GOAL b10: setups in the model's top 10% / bracket_10_10,0.16733840461682115,-0.3171187127506382,-0.27976793805975275,1030.0,0.5504854368932038,7.028597367226509,387899.4534076632,0.6239337482605493
"GOAL b10: model top 10%, S&P 500 point-in-time only / bracket_10_10",0.09922058571017511,-0.2617455031280215,-0.25330947886378596,827.0,0.5683192261185006,6.635043123014071,229060.09228871184,0.7568442635884622
"SURVIVORSHIP S&P 500 names, all dates, top 10% model (5163 signals) / sma50_close",0.4692744052276978,-0.3154292872034329,-0.2723650626793822,873.0,0.33676975945017185,7.059464366772583,2910778.0832024734,0.4602045745530079
"SURVIVORSHIP S&P 500 names, only after joining the index (2705 signals) / sma50_close",0.1979710089938449,-0.3170540661516402,-0.2331907320428468,718.0,0.33565459610027853,5.524285065819337,486718.3470026075,0.7239454338044284
"Top 10 by IS expectancy, 1% risk, 10 slots, idle cash in SPY",0.14968464638834345,-0.34454207347832344,-0.27311809114429464,610.0,0.33934426229508197,7.630503858374944,339420.20327210816,0.5190770562390612
"Top 10 by IS expectancy, 2% risk, 10 slots, idle cash in SPY",0.1337154282146873,-0.38717154485827987,-0.3210644569671547,479.0,0.33820459290187893,5.9754879709487065,300273.30168648856,0.6437825651582075
"Top 10 by IS expectancy, 2% risk, 15 slots, idle cash in SPY",0.1337154282146873,-0.38717154485827987,-0.3210644569671547,479.0,0.33820459290187893,5.9754879709487065,300273.30168648856,0.6437825651582075
SPY buy & hold,0.14608118342176346,-0.33717273705917383,,,,,,
