,Only setups in the model's top 10% likely superperformers / sma50_close,"All setups, ranked by superperformer model / oneil_20_8","All setups, ranked by RS / oneil_20_8",SPY
2018,0.026226093750000068,-0.06729953124999999,-0.11553320312500004,-0.05247155708566409
2019,0.48323522152693266,0.785647623005979,0.1441182562764025,0.31223850664188246
2020,0.717020257939559,0.1644249067176431,0.14293359648439496,0.18331639678551448
2021,0.009597210579942894,0.467211241183382,0.15011468407367978,0.2872875102873569
2022,-0.07471315484664087,-0.10503303916617812,0.00951213134749973,-0.181753608197315
2023,0.45980699328858465,0.2930083889221142,0.5340546016255356,0.26175779777399355
2024,-0.005104127694642857,-0.0752303542376771,0.6345105488534883,0.24886476207147612
2025,0.3896521243303219,0.5753421156934073,0.3158085241826514,0.1771905127643969
2026,0.7140095142615794,0.15001647839117682,0.1641446347161426,0.14865468012413507
