regime,bucket,IS_n,IS_hit_target,IS_avg_net_return,OOS_n,OOS_hit_target,OOS_avg_net_return
breadth (stocks above 50d),high (> 71%),7011.0,0.32705748,0.024103329,5531.0,0.3983005,0.030867297
breadth (stocks above 50d),low (< 53%),6930.0,0.35137084,0.018785508,14349.0,0.36783051,0.022681013
breadth (stocks above 50d),mid,6934.0,0.2927603,0.00426491,8175.0,0.40244648,0.029697139
VIX level,15-20,6610.0,0.27881998,0.0008167076,9426.0,0.34394228,0.01275057
VIX level,20-30,4250.0,0.43717647,0.044223927,12342.0,0.42805055,0.043270454
VIX level,< 15,7593.0,0.29566705,0.014919403,5214.0,0.32048333,0.0019817872
VIX level,> 30,2422.0,0.33526012,0.009129541,1073.0,0.5358807,0.06932633
VIX / VIX3M,0.9-1.0,6617.0,0.36678252,0.030430282,11802.0,0.3737502,0.025992732
VIX / VIX3M,< 0.9 (calm),11491.0,0.29945174,0.010381333,13526.0,0.39442554,0.026491607
VIX / VIX3M,> 1.0 (stress),2767.0,0.321648,0.0029258507,2727.0,0.3758709,0.027084446
SPY above 200d,no,5876.0,0.35211027,0.01614256,6175.0,0.41263157,0.036736574
SPY above 200d,yes,14999.0,0.31262085,0.015593788,21880.0,0.37582266,0.023405055
QQQ above 10 & 20 SMA,no,9230.0,0.3462622,0.02090885,15391.0,0.3730752,0.024623858
QQQ above 10 & 20 SMA,yes,11645.0,0.30588236,0.011657898,12664.0,0.39710993,0.028424287
SPY 1-month return,-3..0%,3540.0,0.27372882,-0.0016029638,5226.0,0.35170302,0.019552313
SPY 1-month return,0..3%,6844.0,0.3341613,0.022579191,7708.0,0.38816813,0.0244309
SPY 1-month return,< -3%,3839.0,0.39020577,0.027900817,7549.0,0.3670685,0.023671115
SPY 1-month return,> 3%,6652.0,0.30126277,0.010940498,7572.0,0.41864765,0.035626512
"sector (11 GICS, by median RS)",bottom 3,5204.0,0.3308993,0.015064386,6436.0,0.3743008,0.023808561
"sector (11 GICS, by median RS)",middle 5,9815.0,0.32623535,0.018232876,14741.0,0.38871175,0.02840186
"sector (11 GICS, by median RS)",top 3 (leading),5856.0,0.31318307,0.012191632,6878.0,0.3826694,0.024287185
sub-industry (by median RS),bottom 30%,5973.0,0.34170434,0.020665305,9478.0,0.38172612,0.02513582
sub-industry (by median RS),middle,6513.0,0.3299555,0.018131554,9464.0,0.3846154,0.027619246
sub-industry (by median RS),top 30% (leading),6909.0,0.3074251,0.010543276,8220.0,0.3874696,0.026669277
3-day market model,bottom 10% (skip?),1626.0,0.4089791,0.034754917,201.0,0.47761193,0.056901675
3-day market model,rest,19249.0,0.31653592,0.014142729,27854.0,0.38324836,0.026118826
