version,ticker,date_in,date_out,days,ret
CAN SLIM style (pre-registered),ANET,2019-03-22,2019-05-03,29,-0.07246135306049639
CAN SLIM style (pre-registered),ANET,2021-12-15,2022-01-07,16,-0.06620516148939692
IS winner,ANET,2023-03-09,2023-05-02,37,-0.09196097363088163
best with fundamentals (IS),ANET,2023-03-09,2023-05-02,37,-0.09196097363088163
CAN SLIM style (pre-registered),ANET,2023-08-04,2023-09-21,33,-0.009688226247393183
CAN SLIM style (pre-registered),ANET,2023-10-31,2024-04-12,112,0.3535958867597846
IS winner,ANET,2023-11-02,2024-04-12,110,0.28127367065869135
best with fundamentals (IS),ANET,2023-11-02,2024-04-12,110,0.28127367065869135
CAN SLIM style (pre-registered),ANET,2026-07-07,2026-07-29,16,-0.05100327496536616
IS winner,AVGO,2025-09-11,2025-09-29,12,-0.08666742311521214
best with fundamentals (IS),AVGO,2025-09-11,2025-09-29,12,-0.08666742311521214
IS winner,CRWD,2026-08-27,2026-09-02,4,-0.10765049930764481
best with fundamentals (IS),CRWD,2026-08-27,2026-09-02,4,-0.10765049930764481
CAN SLIM style (pre-registered),CRWD,2026-08-27,2026-09-02,4,-0.10765049930764481
CAN SLIM style (pre-registered),META,2024-02-02,2024-04-19,53,0.013874851185206039
CAN SLIM style (pre-registered),META,2024-07-05,2024-07-15,6,-0.08103204441108058
IS winner,NVDA,2024-05-23,2024-07-24,41,0.10077536064858772
best with fundamentals (IS),NVDA,2024-05-23,2024-07-24,41,0.10077536064858772
CAN SLIM style (pre-registered),NVDA,2024-05-23,2024-07-24,41,0.10077536064858772
CAN SLIM style (pre-registered),NVDA,2025-10-29,2025-11-06,6,-0.09157645571563477
CAN SLIM style (pre-registered),NVDA,2026-04-29,2026-06-10,29,-0.04108204173413299
IS winner,PLTR,2024-12-20,2025-01-07,10,-0.1310987559020066
best with fundamentals (IS),PLTR,2024-12-20,2025-01-07,10,-0.1310987559020066
CAN SLIM style (pre-registered),PLTR,2024-12-20,2025-01-07,10,-0.1310987559020066
CAN SLIM style (pre-registered),PLTR,2025-02-04,2025-02-24,13,-0.12664934309907572
IS winner,PLTR,2025-05-12,2025-09-03,78,0.3076143431845437
best with fundamentals (IS),PLTR,2025-05-12,2025-09-03,78,0.3076143431845437
CAN SLIM style (pre-registered),PLTR,2025-05-12,2025-09-03,78,0.3076143431845437
IS winner,VRT,2026-04-08,2026-06-05,41,0.06931650294270741
best with fundamentals (IS),VRT,2026-04-08,2026-06-05,41,0.06931650294270741
