year,IS winner,SPY
2007,0.13179952678964235,0.05332190911074797
2008,-0.14881229370945848,-0.36794982626218886
2009,0.1434479423695345,0.26351705750066867
2010,0.32285593991979633,0.15056142700924702
2011,-0.17114879993354093,0.018949995963613464
2012,-0.022726611915805495,0.1599040403656118
2013,0.3014743405635676,0.3230770083922272
2014,0.1213065655377481,0.13463810093270068
2015,-0.07093037667510749,0.012342851500163565
2016,-0.047750205293088266,0.11997917417597814
2017,0.18440360580333404,0.2170537331826039
2018,-0.122093936197474,-0.045689953437601516
2019,0.14546053160403027,0.3122388230442803
2020,0.18679114323381985,0.18331606483445384
2021,0.04601204918886692,0.2872874727972672
2022,-0.09168852553126405,-0.18175344015320127
2023,0.0986351706258739,0.2617577141109302
2024,0.2563238178144729,0.24886484487964955
2025,0.22780165866802982,0.1771905127643969
2026,0.8186163037424481,0.15064990147923663
