N,rank by,exit,regime,entry,fundamentals,IS_CAGR,IS_maxDD,IS_CAGR_per_DD,IS_trades,IS_win,IS_avg_days,OOS_CAGR,OOS_maxDD,OOS_CAGR_per_DD,OOS_trades,OOS_win,OOS_avg_days
4,mom_12_1,sma50,QQQ > 200d,setup required,EPS growth >= 25% (O'Neil C),0.06117520428622791,-0.21590820209876882,0.28333895466482956,177,0.4519774011299435,40.49717514124294,0.11653161520696598,-0.27815910017537326,0.4189387121740591,206,0.3883495145631068,35.04854368932039
3,mom_12_1,sma20,none,setup required,EPS growth >= 25% (O'Neil C),0.04898793622021591,-0.18444919425498252,0.2655904050873489,296,0.44594594594594594,16.91554054054054,0.11464685725571866,-0.35802399386744077,0.3202211561780603,388,0.4329896907216495,14.61340206185567
5,qull_best,sma50,QQQ > 200d,setup required,EPS growth >= 25% (O'Neil C),0.057071021789813825,-0.2208934272199432,0.2583645086595913,209,0.47368421052631576,42.354066985645936,0.09484158259917375,-0.30301123323673906,0.31299691957319337,250,0.408,35.344
5,mom_6m1m,sma50,QQQ > 200d,any leader,EPS growth >= 25% (O'Neil C),0.07362384913743125,-0.2930924933335698,0.2511966386448514,305,0.4360655737704918,32.37049180327869,0.15592056941446408,-0.3436253203467826,0.45375168877867,326,0.37423312883435583,28.441717791411044
4,mom_6m1m,sma50,QQQ > 200d,setup required,EPS growth >= 25% (O'Neil C),0.05702367308985634,-0.23330401615547514,0.24441788028138975,172,0.48255813953488375,41.866279069767444,0.08173463529148761,-0.2728522566559777,0.2995563837118697,207,0.40096618357487923,34.36231884057971
5,qull_best,sma50,none,setup required,EPS growth >= 25% (O'Neil C),0.04861163208575081,-0.2169955535440944,0.22402132804934516,224,0.44642857142857145,40.47767857142857,0.09518244307345047,-0.32463119624014325,0.29320177535568714,284,0.4084507042253521,34.482394366197184
5,mom_6m1m,sma50,none,any leader,EPS growth >= 25% (O'Neil C),0.075976481809362,-0.34321462215981124,0.22136726381658947,336,0.43154761904761907,31.166666666666668,0.13570830583897586,-0.4480402751942616,0.3028930954480272,397,0.345088161209068,26.68765743073048
5,mom_6m1m,sma50,QQQ > 200d,setup required,EPS growth >= 25% (O'Neil C),0.04630540352943391,-0.21597911363271005,0.21439759961317367,218,0.46788990825688076,40.79816513761468,0.08310941739671573,-0.2614511086698098,0.3178774716984496,252,0.4166666666666667,35.154761904761905
3,qull_best,sma50,none,setup required,EPS growth >= 25% (O'Neil C),0.0624886640964355,-0.29166906536675996,0.21424508635449213,133,0.47368421052631576,42.556390977443606,0.12857598134520787,-0.37075715474020043,0.34679298754276106,173,0.4046242774566474,34.589595375722546
3,mom_6m1m,sma50,QQQ > 200d,setup required,EPS growth >= 25% (O'Neil C),0.06064622268522668,-0.2839745310223032,0.21356218977420746,130,0.4846153846153846,42.02307692307692,0.11610871184875515,-0.270185961211016,0.4297362872901968,157,0.40764331210191085,34.52866242038217
