entry,filter,exit,IS_n,IS_avgR,IS_win,OOS_n,OOS_avgR,OOS_win
random_uptrend,all,bracket_20_10,30841,0.18172919140584765,0.5305923932427613,34706,0.09081006516959958,0.4540425286693943
tc_ema200_2nd,all,bracket_20_10,1136,0.11431962520525214,0.49295774647887325,1641,0.03185328533448376,0.4247410115783059
tc_ema_cross_base,all,bracket_20_10,7374,0.1739089182509548,0.543802549498237,6955,0.03479227620629493,0.4507548526240115
tc_reversal_base,all,bracket_20_10,172,0.46913866178933966,0.5755813953488372,160,0.049638964264886454,0.4125
tc_supertrend_ema,all,bracket_20_10,18968,0.21226860896900404,0.5289434837621256,23177,0.1380500484258863,0.46981921732752296
random_uptrend,all,ema21_close,31610,-0.15162478560133671,0.20496678266371401,34706,-0.09811609901956235,0.2035094796288826
tc_ema200_2nd,all,ema21_close,1156,0.003609579749278294,0.34515570934256057,1641,-0.055406844422251265,0.3028641072516758
tc_ema_cross_base,all,ema21_close,7547,0.006855466107924693,0.36782827613621305,6955,-0.004514659915195485,0.3574406901509705
tc_reversal_base,all,ema21_close,171,0.13636308802259073,0.4619883040935672,160,-0.13268844968770283,0.25625
tc_supertrend_ema,all,ema21_close,19240,0.044913727929106965,0.2994802494802495,23177,0.04335093170849183,0.2912801484230056
random_uptrend,all,sma50_close,31459,-0.04046985186288109,0.14437839727899807,34706,-0.023408329310108365,0.14006223707716245
tc_ema200_2nd,all,sma50_close,1146,0.023610269191758595,0.3542757417102967,1641,-0.02668018249972479,0.3180987202925046
tc_ema_cross_base,all,sma50_close,7420,0.10709649910583949,0.3721024258760108,6955,0.040042910115352874,0.34550682961897916
tc_reversal_base,all,sma50_close,169,0.28558772797944276,0.42011834319526625,160,-0.07143980317050591,0.26875
tc_supertrend_ema,all,sma50_close,19183,0.05741071221410457,0.3299796694990356,23177,0.026074195168805273,0.3328731069594857
random_uptrend,rs80,bracket_20_10,9969,0.12927119037560944,0.47978734075634466,11870,0.10098752220218976,0.43513058129738835
tc_ema200_2nd,rs80,bracket_20_10,38,0.10519579758769587,0.4473684210526316,49,0.31452464456765017,0.4897959183673469
tc_ema_cross_base,rs80,bracket_20_10,1447,0.14140733016308943,0.5003455425017277,1407,0.14024687755995913,0.4662402274342573
tc_reversal_base,rs80,bracket_20_10,1,0.37601032853126526,1.0,2,1.9800000190734863,1.0
tc_supertrend_ema,rs80,bracket_20_10,2619,0.20221858464962236,0.5082092401680031,3019,0.07049032804889954,0.4312686319973501
random_uptrend,rs80,ema21_close,10146,-0.15725001817075615,0.19653065247388132,11870,-0.06535810365082881,0.1995787700084246
tc_ema200_2nd,rs80,ema21_close,38,0.030806096871138403,0.42105263157894735,49,-0.021781278279971103,0.3673469387755102
tc_ema_cross_base,rs80,ema21_close,1453,0.017318688651348897,0.38059187887130075,1407,0.05112057491829493,0.3717128642501777
tc_reversal_base,rs80,ema21_close,1,0.06379461288452148,1.0,2,-0.06819885596632957,0.5
tc_supertrend_ema,rs80,ema21_close,2639,0.07496832959158083,0.33232284956422886,3019,0.02883204806107725,0.300761841669427
random_uptrend,rs80,sma50_close,10110,-0.12492869804169049,0.13857566765578636,11870,0.006076143723175011,0.13841617523167649
tc_ema200_2nd,rs80,sma50_close,38,0.03787628850458484,0.47368421052631576,49,0.055620208420619675,0.40816326530612246
tc_ema_cross_base,rs80,sma50_close,1438,0.09638548315098244,0.37552155771905427,1407,0.21316204315284185,0.3674484719260839
tc_reversal_base,rs80,sma50_close,1,0.022606387734413147,1.0,2,-0.9836401864886284,0.0
tc_supertrend_ema,rs80,sma50_close,2622,0.1287862693713032,0.3356216628527841,3019,0.0650794807655199,0.3100364359059291
