strategy,IS_CAGR,IS_maxDD,OOS_CAGR,OOS_maxDD
"top 10, vol-adjusted (course 9.8), all stocks",0.09194509619680513,-0.5732885665313591,0.32395493415324106,-0.45269135663267435
"top 10, vol-adjusted (course 9.8), S&P 500 point-in-time",0.060766995523030776,-0.5672528489966169,0.14868777784653564,-0.41209840900562345
"top 20, vol-adjusted, all stocks",0.0895202207728496,-0.5237338122578357,0.2653507949864875,-0.4272812370324466
"top 20, vol-adjusted, S&P 500 point-in-time",0.0608058021459319,-0.5190547650432007,0.15004332619968608,-0.3262180708285124
"top 10, raw momentum (not vol-adjusted), all stocks",0.17432899438697436,-0.6600864065080478,0.5256654190003582,-0.4815946289044034
"top 10, raw momentum (not vol-adjusted), S&P 500 point-in-time",0.09110611591662754,-0.6101175177438156,0.22415522188726822,-0.4100055284293629
SPY buy & hold,0.08168566308693959,-0.5518945654155768,0.14621047187784297,-0.33717265401236196
"SPY timed by breadth: buy < 20% above 20d, sell > 60% (course 2.2)",0.04764997894897083,-0.2892236677849882,0.052233852075789455,-0.283190667748316
SPY timed by % above 50d (same thresholds),0.013951583519873134,-0.3812117800206761,0.05996111532536519,-0.283190667748316
