N,rank by,exit,regime,entry,IS_CAGR,IS_maxDD,IS_CAGR_per_DD,IS_trades,IS_win,IS_avg_days,OOS_CAGR,OOS_maxDD,OOS_CAGR_per_DD,OOS_trades,OOS_win,OOS_avg_days
3,mom_6m1m,sma10,none,any leader,-0.15426457360528523,-0.9362488419402077,-0.16476877374352697,2323,0.4240206629358588,3.498493327593629,0.10166154351969392,-0.5878526004285176,0.17293713329767924,1811,0.46217559359469906,3.6256212037548314
3,mom_6m1m,sma10,none,setup required,-0.04845262144804874,-0.6088986761466554,-0.07957419410841149,919,0.4232861806311208,7.79651795429815,0.07044724147437331,-0.3806210674291933,0.1850849769041714,756,0.43386243386243384,8.052910052910052
3,mom_6m1m,sma10,QQQ > 200d,any leader,-0.10572920031146704,-0.884296679343745,-0.11956304120686158,1887,0.4255431902490726,3.6470588235294117,0.09454085891427244,-0.561355429195277,0.1684153283238039,1480,0.46418918918918917,3.681756756756757
3,mom_6m1m,sma10,QQQ > 200d,setup required,-0.01720600848365239,-0.3821215397737371,-0.045027580737376026,806,0.42555831265508687,8.078163771712159,0.100597482122603,-0.23865676618516396,0.4215153156167111,648,0.44135802469135804,8.220679012345679
3,mom_6m1m,sma20,none,any leader,-0.12908107167924676,-0.9145138162080904,-0.14114720782947185,1439,0.42390548992355803,5.680333564975678,0.11997456341156654,-0.5021547286928678,0.2389195133616802,1042,0.44529750479846447,6.250479846449136
3,mom_6m1m,sma20,none,setup required,-0.028750195596744854,-0.6416281282453089,-0.044808190805738814,485,0.42061855670103093,15.391752577319588,-0.004646235084631467,-0.39858594393276203,-0.01165679611977297,428,0.40186915887850466,14.448598130841122
3,mom_6m1m,sma20,QQQ > 200d,any leader,-0.10736892494366534,-0.8655239169669564,-0.12405078916815701,1137,0.4256816182937555,6.152154793315743,0.12816086618455436,-0.5087892085212009,0.25189383744410526,859,0.4481955762514552,6.419091967403958
3,mom_6m1m,sma20,QQQ > 200d,setup required,-0.0279869469017604,-0.5536246055637409,-0.05055220924160705,441,0.41496598639455784,15.519274376417233,0.042753665107165384,-0.3796089665655201,0.11262554068196949,371,0.3935309973045822,14.738544474393532
3,mom_6m1m,sma50,none,any leader,0.006183925039934257,-0.6717341791258576,0.009205910957190736,308,0.33766233766233766,26.574675324675326,0.17408268551376227,-0.48607605720120517,0.3581387787666795,237,0.35443037974683544,27.08016877637131
3,mom_6m1m,sma50,none,setup required,0.024715856351433807,-0.3913211065210086,0.0631600390052227,213,0.4131455399061033,36.27230046948357,0.07392057838556809,-0.33926249829061583,0.21788608749277955,188,0.35106382978723405,33.409574468085104
3,mom_6m1m,sma50,QQQ > 200d,any leader,-0.0022115492800559577,-0.6231940955442332,-0.003548732723670335,243,0.3497942386831276,29.59259259259259,0.1663389810047078,-0.4933005006777219,0.33719605144568604,201,0.3582089552238806,27.71641791044776
3,mom_6m1m,sma50,QQQ > 200d,setup required,0.02241964150731035,-0.31759701993634826,0.07059147315615122,186,0.44623655913978494,38.16129032258065,0.14007683596631093,-0.30697341389390764,0.45631585546598036,159,0.3710691823899371,34.80503144654088
3,mom_6m1m,sma50_rank,none,any leader,-0.06365113243742804,-0.8114687382208797,-0.07843941416274543,472,0.3516949152542373,17.29449152542373,0.20092285199983384,-0.5975475640415745,0.3362457887718116,405,0.38271604938271603,15.962962962962964
3,mom_6m1m,sma50_rank,none,setup required,-0.10285227531615915,-0.8182478615028825,-0.12569819018805564,1751,0.48657909765848084,4.199314677327242,0.05874542145469741,-0.5229565022797314,0.11233328431448446,1579,0.5053831538948702,3.870804306523116
3,mom_6m1m,sma50_rank,QQQ > 200d,any leader,-0.04272746990571663,-0.7445624946592122,-0.057386008847078826,388,0.36597938144329895,18.45618556701031,0.19810067637997353,-0.5812678289614153,0.3408079142001226,321,0.3862928348909657,17.49532710280374
3,mom_6m1m,sma50_rank,QQQ > 200d,setup required,-0.08828248997751997,-0.78305570376637,-0.1127410087850655,1613,0.4841909485430874,4.101673899566026,0.08565899507119923,-0.5053324450005254,0.16951018268995208,1414,0.5063649222065064,3.7616690240452617
3,mom_12_1,sma10,none,any leader,-0.14950725855591251,-0.8822524834622417,-0.16946085316665596,2689,0.4369654146522871,3.0223131275567123,-0.11114252253422985,-0.8640738385989848,-0.12862618629264033,2229,0.4459398833557649,2.9510991475998205
3,mom_12_1,sma10,none,setup required,-0.05942462153450445,-0.6138639951344795,-0.09680421397167342,947,0.41077085533262936,7.545934530095037,0.005238630151019885,-0.5413126270750237,0.009677642620913465,817,0.408812729498164,7.430844553243574
3,mom_12_1,sma10,QQQ > 200d,any leader,-0.11676907643013801,-0.8216887965835987,-0.14210863883703678,2229,0.4360699865410498,3.083445491251682,-0.07571194018077365,-0.7965879041573051,-0.09504530483784818,1848,0.44264069264069267,2.9529220779220777
3,mom_12_1,sma10,QQQ > 200d,setup required,-0.027848730695259394,-0.4582753738552493,-0.06076855158282121,825,0.416969696969697,7.831515151515151,0.06790949215134412,-0.4550092911524931,0.14924858342856287,697,0.43185078909612623,7.60832137733142
3,mom_12_1,sma20,none,any leader,-0.10629369214768924,-0.8028132601131943,-0.1324015153071863,1853,0.43011332973556393,4.392876416621695,-0.028566442754009103,-0.7575023425573224,-0.03771135896104162,1624,0.43903940886699505,4.043103448275862
3,mom_12_1,sma20,none,setup required,-0.017308408926987706,-0.5865311811179305,-0.029509784789272103,512,0.41015625,14.51171875,-0.0373654529356634,-0.46760042801322765,-0.07990893655599134,453,0.40618101545253865,13.609271523178808
3,mom_12_1,sma20,QQQ > 200d,any leader,-0.08633568770817657,-0.7477225750539658,-0.11546486703567217,1522,0.43035479632063073,4.549934296977661,0.0037047677637287446,-0.6207220889767714,0.005968480628482007,1341,0.4444444444444444,4.118568232662192
3,mom_12_1,sma20,QQQ > 200d,setup required,-0.044211324399399565,-0.569671830554733,-0.0776084089612569,467,0.4089935760171306,14.610278372591006,0.019401200017492126,-0.3381969677105675,0.05736656998680093,390,0.41025641025641024,13.984615384615385
3,mom_12_1,sma50,none,any leader,-0.011723859901585199,-0.7260460619261022,-0.016147542857657515,361,0.32409972299168976,22.698060941828256,0.0716421017177018,-0.46082622277466967,0.15546446399325817,340,0.3235294117647059,18.86470588235294
3,mom_12_1,sma50,none,setup required,0.018976641113442216,-0.4076360331942126,0.04655290398334599,225,0.38666666666666666,34.60444444444445,0.028553345806526576,-0.33528926149969196,0.0851603349263627,195,0.358974358974359,31.594871794871796
3,mom_12_1,sma50,QQQ > 200d,any leader,0.0029454380464855046,-0.4750684355853546,0.006200028934476122,289,0.33217993079584773,24.73356401384083,0.12357381278369428,-0.4136937786037703,0.2987084147138007,271,0.3284132841328413,20.214022140221402
3,mom_12_1,sma50,QQQ > 200d,setup required,0.01822516726362644,-0.43852958871614,0.041559720786420146,200,0.365,35.86,0.04992112351991129,-0.2997593650942524,0.16653732737996277,171,0.32748538011695905,31.91812865497076
3,mom_12_1,sma50_rank,none,any leader,-0.015562086709608569,-0.6705448828567562,-0.02320812089909422,529,0.3950850661625709,15.476370510396976,0.05748972679588649,-0.6574155210750716,0.08744808260972228,494,0.3522267206477733,13.133603238866396
3,mom_12_1,sma50_rank,none,setup required,-0.17297914760475708,-0.897841255679018,-0.19266117090368795,2752,0.49127906976744184,2.5730377906976742,-0.0733002194004988,-0.8174597003421451,-0.08966829725039563,2227,0.5101032779524023,2.684328693309385
3,mom_12_1,sma50_rank,QQQ > 200d,any leader,-0.0019120650036033027,-0.4451560399267386,-0.004295269146337945,423,0.3947990543735225,16.836879432624112,0.12155907128511156,-0.46621362814610745,0.2607368466865494,367,0.3542234332425068,15.220708446866485
3,mom_12_1,sma50_rank,QQQ > 200d,setup required,-0.1404292955640234,-0.8438743996418164,-0.16641018571440108,2488,0.4915594855305466,2.5683279742765275,-0.022805204214947805,-0.7723304327802767,-0.029527781435275575,1959,0.5181214905564063,2.631955079122001
3,qull_best,sma10,none,any leader,-0.15315024532472976,-0.9188178293928212,-0.16668183879924864,2182,0.4234647112740605,3.724564619615032,0.04889869244507361,-0.7025010075661766,0.0696065798033283,1660,0.45240963855421684,3.955421686746988
3,qull_best,sma10,none,setup required,-0.02848223304579267,-0.5663305867521192,-0.05029259183957733,889,0.4161979752530934,8.039370078740157,0.06117701417854282,-0.3405813497515444,0.1796252619915087,753,0.44621513944223107,8.108897742363878
3,qull_best,sma10,QQQ > 200d,any leader,-0.10382246484223812,-0.8487813144698719,-0.12231945151512094,1744,0.41628440366972475,3.9432339449541285,0.03551214344798481,-0.7050173285968866,0.05037059659038519,1348,0.4540059347181009,4.063798219584569
3,qull_best,sma10,QQQ > 200d,setup required,0.017612843709717163,-0.33923085217450244,0.051919934748909595,772,0.43134715025906734,8.413212435233161,0.11697637325525112,-0.26473096412339037,0.4418688748503509,638,0.45768025078369906,8.336990595611285
3,qull_best,sma20,none,any leader,-0.12881344486457846,-0.8746153401520954,-0.14728011155415802,1200,0.4175,6.808333333333334,0.14722436129228744,-0.4754819309400895,0.3096318739204364,881,0.4426787741203178,7.406356413166856
3,qull_best,sma20,none,setup required,-0.022106110456053152,-0.5423540314449613,-0.04075955773234905,479,0.407098121085595,15.60125260960334,0.0032728737082545756,-0.524930640493716,0.006234868867963816,412,0.3932038834951456,14.985436893203884
3,qull_best,sma20,QQQ > 200d,any leader,-0.08910433591778189,-0.798360871506557,-0.11160909696092247,908,0.4063876651982379,7.710352422907489,0.05669832165520372,-0.6154882091128959,0.0921192653502219,726,0.4297520661157025,7.6088154269972454
3,qull_best,sma20,QQQ > 200d,setup required,-0.027521521212291122,-0.5075723766320923,-0.05422186564782221,429,0.40792540792540793,15.99067599067599,0.04939176957035474,-0.3325815650301641,0.14851024459481107,357,0.39775910364145656,15.372549019607844
3,qull_best,sma50,none,any leader,0.0035023577962498553,-0.708091632509962,0.004946192887261073,280,0.3392857142857143,29.335714285714285,0.07672387878887021,-0.504991623228371,0.15193099302990534,226,0.3407079646017699,28.384955752212388
3,qull_best,sma50,none,setup required,0.019378102218466697,-0.39075562833870625,0.0495913579053295,216,0.4074074074074074,35.870370370370374,0.06018714109594647,-0.44307730408987733,0.13583891691220012,182,0.3901098901098901,34.137362637362635
3,qull_best,sma50,QQQ > 200d,any leader,0.02803544179475148,-0.5703815879965884,0.04915208061540578,217,0.3548387096774194,33.105990783410135,0.10195532083032766,-0.49897557461894493,0.2043292818655269,185,0.3675675675675676,30.502702702702702
3,qull_best,sma50,QQQ > 200d,setup required,0.034548474485308844,-0.3265270266757533,0.10580586494488264,187,0.42780748663101603,38.06951871657754,0.21696340496732414,-0.3142500082016245,0.6904165451226313,142,0.43661971830985913,39.07746478873239
3,qull_best,sma50_rank,none,any leader,-0.051100273554018805,-0.8293872213053008,-0.06161208207861763,536,0.39365671641791045,15.203358208955224,0.07807287406989216,-0.6029958907591277,0.12947496867947828,489,0.40081799591002043,13.372188139059304
3,qull_best,sma50_rank,none,setup required,-0.08111409925995072,-0.7724973702924707,-0.10500242768365747,1794,0.48272017837235226,4.091973244147157,0.08779075612960585,-0.4394023382259086,0.1997958328671211,1628,0.5153562653562653,3.7622850122850124
3,qull_best,sma50_rank,QQQ > 200d,any leader,-0.04907472725674544,-0.7800147033164343,-0.06291513102008403,459,0.38344226579520696,15.516339869281046,0.08631192417258715,-0.5235035969407594,0.16487360292646538,396,0.40404040404040403,14.204545454545455
3,qull_best,sma50_rank,QQQ > 200d,setup required,-0.05320266177081601,-0.6950104136444488,-0.07654944548504744,1644,0.47566909975669097,4.014598540145985,0.13936837264232094,-0.4256307494418454,0.3274396241932305,1436,0.520891364902507,3.7667130919220058
4,mom_6m1m,sma10,none,any leader,-0.13753105834653856,-0.9034306069009717,-0.15223201128674385,3078,0.433398310591293,3.5064977257959713,0.0539103602085127,-0.6287625787319417,0.08574040827499074,2414,0.4544324772162386,3.6296603148301574
4,mom_6m1m,sma10,none,setup required,-0.03488470936744936,-0.5301823910568128,-0.06579756317050375,1183,0.4234995773457312,7.882502113271344,0.06542822228310752,-0.3949665031124068,0.16565511699731852,992,0.42036290322580644,8.027217741935484
4,mom_6m1m,sma10,QQQ > 200d,any leader,-0.09167464807239345,-0.8266451288309358,-0.1108996410612644,2508,0.4358054226475279,3.659090909090909,0.06544162480518878,-0.5758029316976145,0.11365281627214038,1975,0.4546835443037975,3.6850632911392407
4,mom_6m1m,sma10,QQQ > 200d,setup required,0.003460020528636365,-0.2557604209000707,0.013528365790374756,1046,0.43307839388145314,8.137667304015297,0.09575275227835722,-0.24141573389473236,0.39663012320526525,860,0.4313953488372093,8.17093023255814
4,mom_6m1m,sma20,none,any leader,-0.11429155680342606,-0.8913332649242988,-0.128225391445626,1880,0.43563829787234043,5.775,0.08700694088299987,-0.5178005308256977,0.16803177228160895,1426,0.43899018232819076,6.083450210378682
4,mom_6m1m,sma20,none,setup required,-0.04030631425901254,-0.6297923269859008,-0.06399937333614876,652,0.4110429447852761,15.06441717791411,0.0121614648235977,-0.3603861112864053,0.03374565346091478,544,0.41360294117647056,15.027573529411764
4,mom_6m1m,sma20,QQQ > 200d,any leader,-0.08590757035571572,-0.823782503035077,-0.10428428625177748,1504,0.44148936170212766,6.206781914893617,0.08697969826711804,-0.5010342062539657,0.17360031946207985,1159,0.4400345125107852,6.329594477998274
4,mom_6m1m,sma20,QQQ > 200d,setup required,-0.02083293939669828,-0.48396148670857975,-0.04304668856685895,579,0.41968911917098445,15.57167530224525,0.05105458593371304,-0.31350579935100287,0.16285053112064454,477,0.4129979035639413,15.19287211740042
4,mom_6m1m,sma50,none,any leader,0.021756245090790438,-0.6184832166469284,0.0351767752223588,397,0.34005037783375314,27.443324937027707,0.1221492385425531,-0.4483270286257486,0.27245566460040493,330,0.3333333333333333,25.85151515151515
4,mom_6m1m,sma50,none,setup required,0.04115278834723668,-0.3915709852717061,0.10509662333301148,275,0.4072727272727273,37.123636363636365,0.0789621578043711,-0.2709519701648043,0.2914249258137633,251,0.3426294820717131,33.03187250996016
4,mom_6m1m,sma50,QQQ > 200d,any leader,0.018670844870661396,-0.5638587075796728,0.03311263020270591,320,0.35,29.996875,0.14942794529786263,-0.45057573647935,0.33163779848742686,266,0.3458646616541353,27.710526315789473
4,mom_6m1m,sma50,QQQ > 200d,setup required,0.0360105341711916,-0.28320512945170606,0.12715353793523837,243,0.4403292181069959,38.58024691358025,0.122758316845889,-0.26410537219319863,0.46480810226036867,216,0.35648148148148145,34.06018518518518
4,mom_6m1m,sma50_rank,none,any leader,-0.0006445415269342725,-0.7494053961629839,-0.0008600705709278011,578,0.38581314878892736,18.717993079584776,0.15246035207131925,-0.5480212774274389,0.27820151945013827,496,0.3951612903225806,17.401209677419356
4,mom_6m1m,sma50_rank,none,setup required,-0.10490824716197444,-0.8094239141748147,-0.12960853432274175,2078,0.4850818094321463,4.679980750721848,0.0415062364982719,-0.48378444008363486,0.08579489760170139,1913,0.5049660219550445,4.205959226346053
4,mom_6m1m,sma50_rank,QQQ > 200d,any leader,0.013511114464907159,-0.6556114579649198,0.020608417227555693,471,0.40976645435244163,20.203821656050955,0.15121913292783185,-0.5275516835860066,0.2866432572064357,387,0.4005167958656331,19.34108527131783
4,mom_6m1m,sma50_rank,QQQ > 200d,setup required,-0.08978773071320967,-0.7709131199394645,-0.11646932500028044,1921,0.4789172306090578,4.571056741280583,0.06117111347227144,-0.4712966861564095,0.129793217879683,1768,0.5062217194570136,4.000565610859729
4,mom_12_1,sma10,none,any leader,-0.14698845769507762,-0.8717791797069838,-0.16860744224756816,3593,0.4408572223768439,3.002504870581687,-0.07342749066178345,-0.8262364906648021,-0.08886982297611015,2922,0.4483230663928816,2.9965776865160847
4,mom_12_1,sma10,none,setup required,-0.07156334526118369,-0.6171481478381309,-0.11595813016999239,1223,0.401471790678659,7.59198691741619,0.01846708301948352,-0.44508716759264677,0.04149093562810822,1057,0.40491958372753073,7.5279091769157995
4,mom_12_1,sma10,QQQ > 200d,any leader,-0.11185015218255356,-0.8002092959780869,-0.1397761220029822,2977,0.4393684917702385,3.0752435337588175,-0.03749421364828365,-0.7444750972629283,-0.05036328788717256,2412,0.4465174129353234,3.0066334991708126
4,mom_12_1,sma10,QQQ > 200d,setup required,-0.04255169503326317,-0.4631529258325513,-0.09187396356564818,1082,0.40942698706099817,7.82532347504621,0.07295513590918712,-0.38161726667076745,0.19117357174545166,903,0.42081949058693247,7.735326688815061
4,mom_12_1,sma20,none,any leader,-0.1047578731392238,-0.789268862044812,-0.13272774104862128,2503,0.4294846184578506,4.324410707151419,0.00204754904132054,-0.6706992259863265,0.0030528573196270292,2109,0.4395448079658606,4.141299193930773
4,mom_12_1,sma20,none,setup required,-0.01798270319690043,-0.6016585773584717,-0.029888551204325688,661,0.4130105900151286,14.780635400907716,-0.011422474852634368,-0.4081652344317125,-0.027984928379649613,588,0.39965986394557823,13.853741496598639
4,mom_12_1,sma20,QQQ > 200d,any leader,-0.08273874249139745,-0.7247866979612803,-0.11415598923673616,2038,0.43179587831207067,4.542688910696762,0.043351454010255974,-0.5053432826085243,0.0857861487472055,1717,0.4467093768200349,4.2696563774024465
4,mom_12_1,sma20,QQQ > 200d,setup required,-0.04100887606412351,-0.5561971027128981,-0.07373083366328101,604,0.41721854304635764,14.889072847682119,0.0337188059283442,-0.3354766353168743,0.1005101469927857,510,0.403921568627451,14.154901960784313
4,mom_12_1,sma50,none,any leader,-0.00363259022038831,-0.7042702733416286,-0.00515794909694592,496,0.32056451612903225,21.91733870967742,0.07584106668863422,-0.4256683899279362,0.17816936489334756,449,0.311804008908686,19.071269487750556
4,mom_12_1,sma50,none,setup required,0.03219101540791369,-0.40634571154513666,0.0792207583181001,292,0.3972602739726027,35.22260273972603,0.026773793787483235,-0.34034835527837937,0.07866585330075794,260,0.35,31.676923076923078
4,mom_12_1,sma50,QQQ > 200d,any leader,0.005021254341792236,-0.47313467724075553,0.010612737944036093,396,0.3383838383838384,23.994949494949495,0.09753520150861639,-0.42660152497038717,0.22863303527896872,370,0.31351351351351353,19.775675675675675
4,mom_12_1,sma50,QQQ > 200d,setup required,0.03513811966649061,-0.3743118873412703,0.093873907975715,264,0.38257575757575757,35.91287878787879,0.033347025760682936,-0.264528655356313,0.12606205447105678,227,0.34801762114537443,32.15418502202643
4,mom_12_1,sma50_rank,none,any leader,-0.03289125379473823,-0.7048364084148229,-0.04666508909309986,666,0.36936936936936937,16.315315315315317,0.10140130739022446,-0.6137409785183194,0.16521840799196,605,0.3487603305785124,14.226446280991736
4,mom_12_1,sma50_rank,none,setup required,-0.11499425529193674,-0.791042836576114,-0.14537045274269672,3018,0.5046388336646785,3.1169648774022534,-0.07481913379678329,-0.7938679955607562,-0.09424631577940623,2684,0.5067064083457526,2.8934426229508197
4,mom_12_1,sma50_rank,QQQ > 200d,any leader,-0.016141756364842275,-0.5033981828736829,-0.03206558329769082,537,0.3780260707635009,17.681564245810055,0.14201153322045568,-0.4551081860894426,0.3120390657893947,470,0.35106382978723405,15.648936170212766
4,mom_12_1,sma50_rank,QQQ > 200d,setup required,-0.09651186467280859,-0.7377711127666333,-0.13081545617974955,2830,0.5024734982332155,3.0109540636042404,-0.053666180447293765,-0.7285401416122184,-0.0736626266447495,2439,0.5145551455514555,2.767937679376794
4,qull_best,sma10,none,any leader,-0.1539655600355333,-0.9071905012105916,-0.1697169005077494,2895,0.4210708117443869,3.7284974093264247,0.05581853524593705,-0.6173468608624384,0.09041681230541632,2215,0.454176072234763,3.9548532731376973
4,qull_best,sma10,none,setup required,-0.034269061768918085,-0.5492204529799594,-0.06239582226586987,1153,0.417172593235039,8.053772766695577,0.027737881000267306,-0.38859760531790466,0.07137944398184196,989,0.43377148634984836,8.072800808897876
4,qull_best,sma10,QQQ > 200d,any leader,-0.10760528317284923,-0.8332178575013051,-0.1291442354530678,2324,0.41609294320137696,3.9487951807228914,0.038524640941218546,-0.6190664573042483,0.062230218560016586,1798,0.45439377085650723,4.060066740823137
4,qull_best,sma10,QQQ > 200d,setup required,-0.0016202739256554466,-0.3088349684762828,-0.005246406952067272,1020,0.41862745098039217,8.308823529411764,0.08373015521780158,-0.27653870304729056,0.3027791563898489,847,0.448642266824085,8.28099173553719
4,qull_best,sma20,none,any leader,-0.11909507397588848,-0.8511316392366228,-0.1399255631980788,1605,0.41495327102803736,6.75202492211838,0.07673494263454583,-0.5524867772300501,0.1388900980024616,1194,0.4371859296482412,7.296482412060302
4,qull_best,sma20,none,setup required,-0.012590456711727538,-0.5485087639596016,-0.022953975467664256,623,0.4173354735152488,15.780096308186195,0.013907653973013634,-0.40328250822540257,0.0344861323993759,537,0.3947858472998138,15.22905027932961
4,qull_best,sma20,QQQ > 200d,any leader,-0.09041190789113751,-0.7789291330398206,-0.11607205849176455,1205,0.4058091286307054,7.742738589211618,0.042268191281410905,-0.5816831574798144,0.07266531742906394,962,0.42723492723492723,7.664241164241164
4,qull_best,sma20,QQQ > 200d,setup required,-0.01129483852744717,-0.46399047596536414,-0.02434282407186803,559,0.4221824686940966,16.182468694096602,0.07269712630376368,-0.2858089263600455,0.2543556887099602,468,0.3995726495726496,15.438034188034187
4,qull_best,sma50,none,any leader,0.036456366543603735,-0.5921807567166142,0.06156290310029407,358,0.34916201117318435,30.51396648044693,0.1087309017341529,-0.43710325813003303,0.24875335452614436,302,0.33774834437086093,28.21523178807947
4,qull_best,sma50,none,setup required,0.027105456353697877,-0.41057809644230203,0.06601778465185848,279,0.4121863799283154,36.70609318996416,0.07637224652936281,-0.36292744024110224,0.21043392717460746,238,0.39915966386554624,34.8109243697479
4,qull_best,sma50,QQQ > 200d,any leader,0.032438713669590946,-0.4201386381253116,0.07720954638767524,286,0.3706293706293706,33.59440559440559,0.10377293266134102,-0.44431702477210255,0.23355605766978624,245,0.363265306122449,30.538775510204083
4,qull_best,sma50,QQQ > 200d,setup required,0.036383423796689796,-0.3501968372616301,0.10389421012819697,243,0.4279835390946502,38.78600823045267,0.18773807950505894,-0.2660956434203351,0.7055285727038398,193,0.41968911917098445,38.24352331606217
4,qull_best,sma50_rank,none,any leader,-0.06734700588916254,-0.7795398439577854,-0.08639328241034668,645,0.3798449612403101,16.76124031007752,0.08195122403105137,-0.5227888643673781,0.1567577842925552,609,0.3825944170771757,14.25944170771757
4,qull_best,sma50_rank,none,setup required,-0.10163353548132537,-0.7926400591583252,-0.12822154811257735,2120,0.475,4.562264150943396,0.10608776310873513,-0.4731118036069545,0.22423402312082094,1873,0.5029364655632674,4.319273892151628
4,qull_best,sma50_rank,QQQ > 200d,any leader,-0.06159269966524272,-0.7294325089109824,-0.0844392029595699,548,0.3777372262773723,17.335766423357665,0.08581633324500304,-0.4881573718530976,0.17579645047504877,506,0.3893280632411067,14.857707509881424
4,qull_best,sma50_rank,QQQ > 200d,setup required,-0.1076709169714335,-0.8074472952645997,-0.13334730031654865,2001,0.4687656171914043,4.35832083958021,0.11191973097258212,-0.4747291004675299,0.23575494079119994,1734,0.5069204152249135,4.111880046136101
5,mom_6m1m,sma10,none,any leader,-0.13301496910296395,-0.8854662385700107,-0.15022026059150184,3836,0.440563086548488,3.5041710114702815,0.051884094024329475,-0.599745383091508,0.08651020164070708,3041,0.4534692535350214,3.602104570864847
5,mom_6m1m,sma10,none,setup required,-0.04492810743992304,-0.5258390747192343,-0.08544079282033554,1432,0.4134078212290503,7.92108938547486,0.03737672885865129,-0.3716673443174354,0.10056500639649522,1225,0.4293877551020408,7.985306122448979
5,mom_6m1m,sma10,QQQ > 200d,any leader,-0.09527267850356147,-0.8084323451947133,-0.11784867227277351,3155,0.43993660855784467,3.6329635499207606,0.06668349483583702,-0.5277068496359467,0.1263646565926527,2493,0.4508624147613317,3.6482150020056157
5,mom_6m1m,sma10,QQQ > 200d,setup required,-0.009793286315200156,-0.2948044777821428,-0.033219598253311756,1282,0.41809672386895474,8.12402496099844,0.07064546085387202,-0.24615875421708044,0.2869914623941092,1060,0.44245283018867926,8.14622641509434
5,mom_6m1m,sma20,none,any leader,-0.09378491251524623,-0.8702634775207635,-0.10776611329527917,2282,0.42988606485539,5.923312883435583,0.08296649525443378,-0.520511043012336,0.1593943036718003,1804,0.43957871396895787,6.010532150776053
5,mom_6m1m,sma20,none,setup required,-0.02699554197860332,-0.5671358480864765,-0.04759978066928165,791,0.415929203539823,15.247787610619469,0.047181844892138836,-0.3631045529905129,0.12994010816871135,662,0.4123867069486405,15.262839879154079
5,mom_6m1m,sma20,QQQ > 200d,any leader,-0.07044558360625319,-0.7948905209840356,-0.0886230012141106,1843,0.4319045035268584,6.333695062398264,0.09645703230802338,-0.45250686860896217,0.21316147665236346,1450,0.4475862068965517,6.313793103448276
5,mom_6m1m,sma20,QQQ > 200d,setup required,-0.011255912010098346,-0.45844443591385475,-0.024552401836137494,706,0.4192634560906516,15.742209631728045,0.06477339560490414,-0.3085748949904782,0.20991142395723048,585,0.4205128205128205,15.345299145299146
5,mom_6m1m,sma50,none,any leader,0.03368918370405449,-0.5958665149355535,0.056538138760319795,494,0.33805668016194335,27.423076923076923,0.12478646340922972,-0.4345028317091866,0.28719367125494244,410,0.32682926829268294,26.021951219512196
5,mom_6m1m,sma50,none,setup required,0.035678262649586845,-0.397216804941541,0.0898206274400643,339,0.40412979351032446,37.22418879056047,0.07801727611827625,-0.27082484936824924,0.2880728127432415,308,0.37012987012987014,33.51298701298701
5,mom_6m1m,sma50,QQQ > 200d,any leader,0.017778039240610388,-0.5560541753060171,0.03197177546742901,398,0.34673366834170855,30.037688442211056,0.1360120097415516,-0.39829444107430156,0.3414860859586505,329,0.3465045592705167,28.09726443768997
5,mom_6m1m,sma50,QQQ > 200d,setup required,0.04503812567828036,-0.2985996471957362,0.15083114163479655,297,0.4444444444444444,39.43434343434343,0.12632439037026466,-0.2375204409474002,0.5318463954781882,261,0.38697318007662834,35.195402298850574
5,mom_6m1m,sma50_rank,none,any leader,0.0011356738768828478,-0.7253125504749272,0.0015657717161232359,688,0.37790697674418605,19.65261627906977,0.11631574523651866,-0.5097451910915736,0.22818409524852787,590,0.37796610169491524,18.19322033898305
5,mom_6m1m,sma50_rank,none,setup required,-0.06297587784240954,-0.7349105125992355,-0.08569189957519606,2352,0.48341836734693877,5.094387755102041,0.07489796369861779,-0.42780482589487867,0.17507507901984704,2181,0.505731315910133,4.58276020174232
5,mom_6m1m,sma50_rank,QQQ > 200d,any leader,0.0036783465496739165,-0.6620416590275575,0.005556065089736,566,0.3869257950530035,21.054770318021202,0.12817500094751288,-0.46207837241084704,0.27738801164567134,460,0.3804347826086957,20.215217391304346
5,mom_6m1m,sma50_rank,QQQ > 200d,setup required,-0.05974688583621568,-0.7092031001845711,-0.08424509963459899,2235,0.4791946308724832,4.8639821029082775,0.07565274639440323,-0.36210157500658235,0.20892686366533478,2047,0.5109916951636542,4.274548119198828
5,mom_12_1,sma10,none,any leader,-0.15308141311739087,-0.8826879020195859,-0.17342643166077307,4508,0.4392191659272405,2.982919254658385,-0.06358717074822284,-0.8252015553983648,-0.07705653283400106,3640,0.4434065934065934,3.003846153846154
5,mom_12_1,sma10,none,setup required,-0.05762204902461465,-0.5658512322793527,-0.10183250603255285,1464,0.4064207650273224,7.725409836065574,0.0001814030336917405,-0.4937904475699654,0.00036736845474524376,1284,0.40186915887850466,7.5973520249221185
5,mom_12_1,sma10,QQQ > 200d,any leader,-0.11576195605131923,-0.811590799342153,-0.14263586544494075,3749,0.4385169378500934,3.0554814617231263,-0.01730242393793091,-0.7198864142187442,-0.024034936062390263,2991,0.44332998996990974,3.0287529254429955
5,mom_12_1,sma10,QQQ > 200d,setup required,-0.03725825721528675,-0.4509026151438954,-0.08263038617196003,1311,0.410373760488177,7.912280701754386,0.0552030205147338,-0.43298887909804806,0.12749292921731917,1106,0.4159132007233273,7.775768535262206
5,mom_12_1,sma20,none,any leader,-0.09587904693940219,-0.7614748283563525,-0.1259122998804276,3139,0.4316661357120102,4.29021981522778,0.003080966763346016,-0.6897468511820108,0.004466808015239505,2597,0.4339622641509434,4.200231035810551
5,mom_12_1,sma20,none,setup required,-0.020190041910492118,-0.5411625977799983,-0.03730864252872864,811,0.4081381011097411,14.807644882860666,-0.003939358702030882,-0.3359942008573822,-0.011724484208294422,723,0.3983402489626556,13.972337482710927
5,mom_12_1,sma20,QQQ > 200d,any leader,-0.07503036563942278,-0.6935809136754926,-0.1081782444701577,2568,0.43146417445482865,4.506230529595015,0.04737381566833143,-0.556851164911314,0.08507446630892178,2116,0.43950850661625707,4.319470699432892
5,mom_12_1,sma20,QQQ > 200d,setup required,-0.03985206222170867,-0.5336711858853387,-0.07467531183193961,746,0.4075067024128686,14.816353887399464,0.019416866420700396,-0.31285623050323297,0.062063224342593835,628,0.4028662420382166,14.277070063694268
5,mom_12_1,sma50,none,any leader,-0.007597179828291556,-0.6573556710683282,-0.011557183063385901,621,0.3188405797101449,21.790660225442835,0.06293319814858211,-0.4185914712034222,0.15034515148541708,565,0.3185840707964602,18.932743362831857
5,mom_12_1,sma50,none,setup required,0.03830961622594442,-0.41310920348245217,0.0927348408193276,351,0.4017094017094017,36.17948717948718,0.055253348253011536,-0.2939332530353004,0.18797923570211295,322,0.36645962732919257,31.97826086956522
5,mom_12_1,sma50,QQQ > 200d,any leader,-0.006278861044810458,-0.48157082069138046,-0.013038292136961366,509,0.3280943025540275,23.36935166994106,0.10900929043257546,-0.39763926175133935,0.27414116491530854,451,0.3348115299334812,20.223946784922394
5,mom_12_1,sma50,QQQ > 200d,setup required,0.03772910844913979,-0.3386086338414346,0.11142394102924079,327,0.3944954128440367,35.960244648318046,0.03486514035773536,-0.3227388981967242,0.10802893779628464,281,0.34519572953736655,32.455516014234874
5,mom_12_1,sma50_rank,none,any leader,-0.009808074990195204,-0.646424530515409,-0.015172807539303933,822,0.3588807785888078,16.456204379562045,0.04448075429920495,-0.5849334351109508,0.07604413020221318,730,0.3356164383561644,14.697260273972603
5,mom_12_1,sma50_rank,none,setup required,-0.09797614632924756,-0.7345217272005005,-0.13338767622663295,3347,0.5049297878697341,3.4514490588586795,-0.08016080412563853,-0.7253095516429509,-0.1105194381406677,3175,0.5118110236220472,3.0248818897637797
5,mom_12_1,sma50_rank,QQQ > 200d,any leader,-0.009211208274536253,-0.4863607212284863,-0.018939046416556613,658,0.36322188449848025,18.03647416413374,0.08420334644730554,-0.46869910606308907,0.1796533113847488,573,0.3472949389179756,15.958115183246074
5,mom_12_1,sma50_rank,QQQ > 200d,setup required,-0.0901071767169378,-0.7079384975414449,-0.12728108024901225,3224,0.5024813895781638,3.257754342431762,-0.059475617951453175,-0.6213447452261748,-0.09572080299770386,2885,0.5147313691507799,2.897053726169844
5,qull_best,sma10,none,any leader,-0.15973897014398875,-0.9022404416158789,-0.17704700740071264,3605,0.41830790568654647,3.727323162274619,0.027680194770285826,-0.6733039311818323,0.04111099532970129,2783,0.4423284225655767,3.937477542220625
5,qull_best,sma10,none,setup required,-0.04508824319115612,-0.5410506897240693,-0.08333460070839331,1412,0.4086402266288952,8.03257790368272,0.009640019170719105,-0.4051322536058206,0.023794746246243094,1209,0.42762613730355664,8.073614557485525
5,qull_best,sma10,QQQ > 200d,any leader,-0.11653184172806941,-0.8304024778423283,-0.14033176060704836,2912,0.41449175824175827,3.9368131868131866,0.03455206438747216,-0.6250615554369869,0.05527785877555125,2257,0.4404076207354896,4.044749667700487
5,qull_best,sma10,QQQ > 200d,setup required,-0.014171188529834455,-0.3389082796218883,-0.04181422934147524,1261,0.4099920697858842,8.251387787470263,0.054722033042434504,-0.3356531497224271,0.16303148976164122,1039,0.44177093358999037,8.281039461020212
5,qull_best,sma20,none,any leader,-0.10193518895157228,-0.8342674637821487,-0.12218526237311167,1952,0.413422131147541,6.917008196721311,0.061579678266311166,-0.5215526154306309,0.11806992515120762,1516,0.43007915567282323,7.173482849604222
5,qull_best,sma20,none,setup required,-0.005227199513494263,-0.477250253590803,-0.010952743291732419,769,0.42002600780234073,15.741222366710012,0.01961950649348365,-0.37439706358272107,0.0524029390234489,660,0.3893939393939394,15.346969696969698
5,qull_best,sma20,QQQ > 200d,any leader,-0.06863862759749118,-0.7395626747293234,-0.09280975087420766,1481,0.4064821066846725,7.8676569885212695,0.05407694766755622,-0.5373448160512264,0.10063733016901559,1221,0.4357084357084357,7.566748566748567
5,qull_best,sma20,QQQ > 200d,setup required,-0.0016722813405120052,-0.3843840861919312,-0.004350547799934151,692,0.4234104046242775,16.07514450867052,0.05632326870268445,-0.27299187392848634,0.20631848081104068,577,0.4020797227036395,15.540727902946275
5,qull_best,sma50,none,any leader,0.028848846569310416,-0.5486602454945864,0.052580530129907266,447,0.348993288590604,30.40268456375839,0.11803891897004526,-0.4272514000778511,0.2762750899085104,374,0.35294117647058826,28.462566844919785
5,qull_best,sma50,none,setup required,0.022118273982017822,-0.41512847963631394,0.05328055064156334,340,0.4088235294117647,37.1764705882353,0.06918968304077411,-0.3859813211716937,0.1792565578840456,299,0.3879598662207358,34.458193979933114
5,qull_best,sma50,QQQ > 200d,any leader,0.026796663376279284,-0.4001009798029944,0.06697475069787054,356,0.38202247191011235,33.752808988764045,0.12491253607997121,-0.4301135987315745,0.2904175465466431,306,0.3660130718954248,30.330065359477125
5,qull_best,sma50,QQQ > 200d,setup required,0.05522126158545393,-0.3008424148913743,0.18355543916702294,292,0.4452054794520548,40.11986301369863,0.15293740691036772,-0.28668815236090894,0.533462599172345,250,0.408,36.856
5,qull_best,sma50_rank,none,any leader,-0.043816051182998694,-0.6975889485039042,-0.06281070145530476,781,0.37516005121638923,17.238156209987196,0.06584668899048096,-0.5266901880422625,0.12501977535453407,719,0.3894297635605007,15.100139082058414
5,qull_best,sma50_rank,none,setup required,-0.1279811923807741,-0.8346290408114397,-0.15333901185171886,2545,0.4762278978388998,4.667976424361493,0.08607835073298542,-0.42925571065967527,0.20052930827804527,2165,0.49930715935334874,4.6623556581986145
5,qull_best,sma50_rank,QQQ > 200d,any leader,-0.039450050939710546,-0.6249999186314377,-0.0631200897211224,653,0.37978560490045943,18.18989280245023,0.0956396951642613,-0.46220376493903503,0.20692106473186395,592,0.40371621621621623,15.927364864864865
5,qull_best,sma50_rank,QQQ > 200d,setup required,-0.11614574437874048,-0.8082276611031598,-0.143704243208172,2434,0.4774034511092851,4.433442892358258,0.08772184487660994,-0.4515068703168098,0.19428684399654422,2024,0.5034584980237155,4.395256916996048
