setups,ADR%,IS_n,IS_avgR,IS_win,OOS_n,OOS_avgR,OOS_win
all setups,< 3%,300744.0,0.14908062,0.29111470220519775,280212.0,-0.049333274,0.25564572537935565
all setups,3-5%,55947.0,0.0042251293,0.27291901263696,106279.0,0.120842606,0.27406166787418024
all setups,5-8%,8359.0,-0.12279318,0.2378274913267137,18410.0,0.21341509,0.26914720260727865
all setups,8-12%,475.0,-0.35368127,0.13052631578947368,892.0,-0.015655465,0.18497757847533633
all setups,12-15%,38.0,-0.79172033,0.10526315789473684,60.0,-0.11186147,0.3333333333333333
all setups,> 15%,13.0,-0.59531254,0.46153846153846156,13.0,-0.2688414,0.6153846153846154
breakouts (qull / rocket / base / flag),< 3%,4469.0,0.13457172,0.33340792123517565,4595.0,0.1121429,0.3016322089227421
breakouts (qull / rocket / base / flag),3-5%,5930.0,-0.062275473,0.23676222596964586,11344.0,0.18632053,0.22708039492242596
breakouts (qull / rocket / base / flag),5-8%,1900.0,-0.23332602,0.18052631578947367,4032.0,0.09290572,0.2065972222222222
breakouts (qull / rocket / base / flag),8-12%,264.0,-0.35526395,0.13636363636363635,375.0,-0.25748184,0.13333333333333333
breakouts (qull / rocket / base / flag),12-15%,11.0,-0.67528474,0.18181818181818182,14.0,-0.572055,0.14285714285714285
breakouts (qull / rocket / base / flag),> 15%,3.0,-0.6771154,0.3333333333333333,3.0,-0.34647092,0.3333333333333333
episodic pivots (ep_*),< 3%,1728.0,0.16633254,0.3287037037037037,1861.0,0.035525862,0.2864051585169264
episodic pivots (ep_*),3-5%,1872.0,0.41550246,0.33226495726495725,3453.0,0.5526439,0.31479872574572837
episodic pivots (ep_*),5-8%,534.0,0.20173211,0.30337078651685395,1448.0,0.3193326,0.31215469613259667
episodic pivots (ep_*),8-12%,83.0,-0.19903693,0.14457831325301204,166.0,-0.447941,0.18674698795180722
episodic pivots (ep_*),12-15%,22.0,-0.9232466,0.045454545454545456,32.0,0.45261446,0.53125
episodic pivots (ep_*),> 15%,9.0,-0.3283406,0.5555555555555556,8.0,0.15049542,0.875
random entries,< 3%,21059.0,0.111426085,0.15518305712521963,20932.0,-0.115570776,0.13486527804318746
random entries,3-5%,4271.0,-0.11296382,0.14188714586747833,8483.0,0.14531855,0.14876812448426263
random entries,5-8%,820.0,-0.019171534,0.14634146341463414,1896.0,0.35453877,0.16772151898734178
random entries,8-12%,141.0,-0.7100147,0.09929078014184398,220.0,0.22013515,0.20454545454545456
random entries,12-15%,18.0,-0.4696923,0.1111111111111111,22.0,-1.1015645,0.0
random entries,> 15%,9.0,-0.93426865,0.0,7.0,-1.2455423,0.0
