feature,auc_drop
spy_ret_1,0.015965281242025064
breadth_50,0.006771695218763789
month,0.0046968430714751834
vix_chg_1,0.0024011569685037
spy_ret_5,0.0015107641116596977
wk_ret_1,0.0013355425941140586
vix_chg_5,0.0012604773031989664
sector_rs,0.0009209444339521126
dist_sma50,0.0009042793983445133
rs_rank,0.0006805883888385175
atr_ratio,0.0004961479627309343
qqq_ok,0.0004704103916172153
mkt_above200,0.00045539288665782013
body_pct_prev,0.0003773775301803006
leg2_range,0.00033149680320158453
vix,0.0002502404878735505
rates_rising,0.00024862816087167783
dist_round,0.00024403389974336775
industry_rs,0.00023854731882174315
green_streak,0.00023677601956432573
mkt_ok,0.00023013735299604043
qqq_trend,0.00021671661132116604
qqq_ret_21,0.0002165079833960822
upper_wick,0.0002110110266629143
industry_rank,0.0001991966829547979
dist_support,0.00019375827544391525
gap_pct,0.00018613538903714902
wk_close_loc,0.00017113604174801011
close_loc,0.0001587880848744986
range_pos_12m,0.0001163239644131897
lower_wick,0.00010085437052198554
down_candle_exp_5,8.660689900541474e-05
dist_ema21,8.307504686692428e-05
down_vol_ratio_10,8.006976716445902e-05
close_loc_prev,7.591425463882029e-05
close_std_10,7.573045454845051e-05
dist_sma200,6.834213559570035e-05
days_since_pivot,6.548359951371226e-05
closes_below_e21_10,5.516707831572839e-05
rel_vol,4.8308666881398864e-05
contraction_ratio,4.607860852756662e-05
setup_score,4.1056715737508576e-05
fvg_bear,3.7092414596151535e-05
updown_vol_50,3.694381815222414e-05
adr_pct,3.1915625762213296e-05
dist_to_pivot,2.9233849041373123e-05
distribution_days_25,2.1320069346482857e-05
higher_lows,2.0112028430404234e-05
fvg_bear_10,1.6655400925510062e-05
wk_hl,1.4118885566349881e-05
ret_1,6.243644600112397e-06
wk_above_10wma,2.8785465756945663e-06
gap_filled,2.343080586812244e-06
body_pct,1.315134113980913e-06
above_sma200,0.0
fvg_bull,0.0
nr7,0.0
ema_stack,0.0
contracting,0.0
ret_126,-1.0833829516609939e-05
outside_day,-1.174245415661949e-05
dist_52w_high,-1.2089302714161457e-05
ret_63,-1.3037577776856915e-05
stage,-1.5770862990834484e-05
base_count,-1.9424260350435023e-05
above_emas,-2.4148589687800204e-05
inside_day,-2.7063081039169212e-05
fvg_bull_10,-3.234473968264743e-05
wk_hh,-3.763566244363581e-05
trend_resid_20,-5.6613762897413565e-05
base_depth_60,-5.7648008970123676e-05
leg1_range,-6.761731104587554e-05
sma150_slope,-7.035837811849206e-05
above_52w_low,-8.29164451759586e-05
qull_rank,-9.207976903310063e-05
dist_resistance,-0.00011039974658285286
vol_trend_5_50,-0.00012319497504716578
sma200_slope,-0.00012620210757311826
mkt_ema_stack,-0.00013015121556185041
rel_vol_prev,-0.00013565373076548
wtd_ret,-0.0001539184941752684
ret_5,-0.00017010957753390196
leg3_range,-0.00018814162631316153
dist_sma20,-0.0001952409048013489
trend_slope_20,-0.00019553513317172033
ret_3,-0.00020867054002896937
close_in_range_20,-0.00023418799571195414
vol_dryup,-0.00026545216873474775
ext_ema8_adr,-0.0002725707165871875
atr_pct,-0.00041575617484375843
tight_10,-0.0004406073551993887
range_pct,-0.0006883383789366704
vix_term,-0.0015482352433772533
vix_pct_1y,-0.002402846002397966
dow,-0.0025110049442509386
mkt_ret_21,-0.004552331732728325
