super_prob,n,hit_rate,avg_3m_return,median_3m_return,share_down_20pct
0,27959,0.001323366357881183,-0.0038388784,0.0101304725,0.065452985
1,27959,0.004435065631818019,0.008398597,0.014471678,0.050824422
2,27958,0.009263895843765649,0.015956858,0.01760942,0.050683167
3,27959,0.01580886297793197,0.019630402,0.020250512,0.056368254
4,27958,0.026575577652192574,0.026954504,0.025329202,0.06123471
5,27959,0.04106012375263779,0.033192817,0.029111136,0.07038879
6,27958,0.059839759639459186,0.038736317,0.03293158,0.08201588
7,27959,0.09678457741693193,0.051437676,0.042224884,0.09928824
8,27958,0.15026110594463124,0.06294962,0.04315597,0.12000143
9,27959,0.3051253621374155,0.11626731,0.074790604,0.14843163
