clean_prob,n,hit_rate,avg_3m_return,median_3m_return,share_down_20pct
0,27959,0.001180299724596731,-0.0024956507,0.010814229,0.06237705
1,27959,0.004077399048606888,0.007858517,0.013403669,0.050824422
2,27958,0.009013520280420632,0.015804658,0.018111829,0.050897777
3,27959,0.014700096569977467,0.019093078,0.019688662,0.05844272
4,27958,0.025645611274053938,0.026136983,0.024727229,0.06259389
5,27959,0.04030902392789441,0.035852686,0.032242708,0.069601916
6,27958,0.060376278703769944,0.041649446,0.03484509,0.08144359
7,27959,0.09256411173504059,0.050184786,0.04072387,0.09664151
8,27958,0.14797195793690535,0.065983325,0.046301126,0.11964375
9,27959,0.27565363568081835,0.10961758,0.067732856,0.1522229
