,future superperformers (median),everything else (median)
adr_pct,0.044740695506334305,0.02612871304154396
dist_52w_high,-0.27530738711357117,-0.12767350673675537
above_52w_low,0.5848714113235474,0.33986127376556396
atr_pct,0.046336688101291656,0.027078669518232346
mkt_above200,1.0,1.0
leg1_range,0.18419593572616577,0.11979839205741882
leg2_range,0.19259902834892273,0.1198480874300003
qull_rank,0.776282548904419,0.7063273787498474
tight_10,0.15273484587669373,0.08707472681999207
sector_rs,0.5029585957527161,0.5020408034324646
sma200_slope,0.0005398615030571818,0.008684221655130386
base_count,0.0,1.0
