ticker,close,p_b20,p_b10,stop_-10%,target_+10%,target_+20%,adr_pct,rs_rank,dist_52w_high,base_count,setups_last_3_days,sector,list
OI,6.079999923706055,0.3708061695023056,0.49960248052154554,5.471999931335449,6.68799991607666,7.295999908447265,0.041003978915159736,0.010080645,-0.640449439469597,0.0,,Materials,all
MTZ,212.64999389648438,0.3708061695023056,0.49960248052154554,191.38499450683594,233.91499328613284,255.17999267578125,0.048222795735865596,0.03629032,-0.5182701732442765,0.0,,Industrials,all
SEDG,32.209999084472656,0.3708061695023056,0.49960248052154554,28.98899917602539,35.430998992919925,38.651998901367186,0.06150555472719792,0.06451613,-0.6035692420372596,0.0,,Information Technology,all
ICHR,59.90999984741211,0.3708061695023056,0.5334711400858642,53.9189998626709,65.90099983215333,71.89199981689453,0.04747509849458735,0.94287634,-0.4725303849129565,0.0,,Information Technology,all
PZZA,19.75,0.3708061695023056,0.49960248052154554,17.775000000000002,21.725,23.7,0.03450970414557737,0.006048387,-0.6319744280095412,0.0,,Consumer Discretionary,all
MP,46.13999938964844,0.3708061695023056,0.4839376590330789,41.52599945068359,50.75399932861328,55.36799926757812,0.04076295982021412,0.11827957,-0.5397552179781903,0.0,,Materials,all
MKSI,264.5,0.3708061695023056,0.49689934806805536,238.05,290.95000000000005,317.4,0.036880022295870105,0.7883065,-0.4085474235912516,0.0,,Information Technology,all
AMKR,49.119998931884766,0.3708061695023056,0.49689934806805536,44.20799903869629,54.031998825073245,58.94399871826172,0.04340091681093879,0.5369624,-0.4909971835983342,0.0,,Information Technology,all
MARA,9.649999618530273,0.3708061695023056,0.5215455557322308,8.684999656677247,10.614999580383301,11.579999542236328,0.06655201390098589,0.0719086,-0.5884861703808044,0.0,,Information Technology,all
LBRT,19.0,0.3708061695023056,0.49960248052154554,17.1,20.900000000000002,22.8,0.04733674681804689,0.3454301,-0.44487102068675577,0.0,,Energy,all
WDC,397.2799987792969,0.3708061695023056,0.5215455557322308,357.5519989013672,437.0079986572266,476.7359985351562,0.05000752461660546,0.9630376,-0.5031598297638995,0.0,,Information Technology,all
CENX,36.7599983215332,0.3708061695023056,0.49960248052154554,33.08399848937989,40.435998153686526,44.11199798583984,0.03521376671701826,0.14516129,-0.4780633513807926,0.0,,Materials,all
HL,17.06999969482422,0.3708061695023056,0.49960248052154554,15.362999725341798,18.776999664306643,20.48399963378906,0.038877832021972814,0.6532258,-0.5001298603953275,0.0,,Materials,all
AOSL,27.8700008392334,0.3708061695023056,0.5215455557322308,25.08300075531006,30.65700092315674,33.444001007080075,0.04359458090838022,0.31518817,-0.48711813100894674,0.0,,Information Technology,all
ARWR,62.75,0.3708061695023056,0.4839376590330789,56.475,69.025,75.3,0.05001251237153158,0.71370965,-0.342863112328036,0.0,,Health Care,all
FORM,139.6699981689453,0.3708061695023056,0.5334711400858642,125.70299835205078,153.63699798583986,167.60399780273437,0.04907723250384448,0.9825269,-0.1285331350493718,1.0,,Information Technology,all
NSIT,163.61000061035156,0.3708061695023056,0.5278307888040712,147.2490005493164,179.97100067138675,196.33200073242188,0.035221418992135455,0.9663978,-0.02902076789108865,2.0,,Industrials,all
AZTA,37.720001220703125,0.3708061695023056,0.5215455557322308,33.948001098632815,41.49200134277344,45.26400146484375,0.05903649953085712,0.93010753,-0.18724409944581266,1.0,,Health Care,all
P,154.49000549316406,0.3708061695023056,0.5313295165394402,139.04100494384767,169.9390060424805,185.38800659179688,0.05233067831764558,0.98991936,-0.01630052536675264,2.0,,Information Technology,all
UTI,20.639999389648438,0.35575699745547074,0.49960248052154554,18.575999450683593,22.703999328613282,24.767999267578123,0.049854062307071,0.00672043,-0.5979743021366539,0.0,,Consumer Discretionary,all
RUN,7.639999866485596,0.35575699745547074,0.49960248052154554,6.875999879837036,8.403999853134156,9.167999839782714,0.04398223807655784,0.004032258,-0.6595365559421346,0.0,,Industrials,all
HUBS,228.3000030517578,0.35575699745547074,0.4839376590330789,205.47000274658203,251.13000335693363,273.9600036621094,0.055639105824677446,0.27284947,-0.5415294261198629,0.0,,Information Technology,all
CC,13.609999656677246,0.35575699745547074,0.4839376590330789,12.248999691009521,14.970999622344971,16.331999588012696,0.032494989545644525,0.070564516,-0.5208382423696871,0.0,,Materials,all
AHCO,6.059999942779541,0.35575699745547074,0.49960248052154554,5.453999948501587,6.665999937057496,7.271999931335449,0.04041595152421541,0.010752688,-0.5487714218112056,0.0,,Health Care,all
NWL,5.639999866485596,0.35575699745547074,0.49689934806805536,5.0759998798370365,6.203999853134156,6.767999839782715,0.037546597746964824,0.84744626,-0.1998988436217366,2.0,,Consumer Discretionary,all
ALHC,7.545000076293945,0.35575699745547074,0.49960248052154554,6.790500068664551,8.299500083923341,9.054000091552734,0.09431072569806487,0.001344086,-0.699641726742705,0.0,,Health Care,all
ADMA,10.359999656677246,0.35575699745547074,0.49689934806805536,9.323999691009522,11.395999622344972,12.431999588012696,0.044137499925227155,0.43884408,-0.49359665832671695,0.0,,Health Care,all
GLW,156.67999267578125,0.35575699745547074,0.49689934806805536,141.01199340820312,172.34799194335938,188.0159912109375,0.04596279903638963,0.75739247,-0.42241878089299423,0.0,,Information Technology,all
TTMI,121.01000213623047,0.35575699745547074,0.5278307888040712,108.90900192260743,133.11100234985352,145.21200256347655,0.058239545998709376,0.86290324,-0.45936647837063427,0.0,,Information Technology,all
PSN,45.08000183105469,0.35575699745547074,0.49960248052154554,40.57200164794922,49.58800201416016,54.096002197265626,0.03687885336538462,0.044354837,-0.4963128287032996,0.0,,Industrials,all
FORM,139.6699981689453,0.3708061695023056,0.5334711400858642,125.70299835205078,153.63699798583986,167.60399780273437,0.04907723250384448,0.9825269,-0.1285331350493718,1.0,,Information Technology,leaders
NSIT,163.61000061035156,0.3708061695023056,0.5278307888040712,147.2490005493164,179.97100067138675,196.33200073242188,0.035221418992135455,0.9663978,-0.02902076789108865,2.0,,Industrials,leaders
AZTA,37.720001220703125,0.3708061695023056,0.5215455557322308,33.948001098632815,41.49200134277344,45.26400146484375,0.05903649953085712,0.93010753,-0.18724409944581266,1.0,,Health Care,leaders
P,154.49000549316406,0.3708061695023056,0.5313295165394402,139.04100494384767,169.9390060424805,185.38800659179688,0.05233067831764558,0.98991936,-0.01630052536675264,2.0,,Information Technology,leaders
ONTO,294.5299987792969,0.35575699745547074,0.5334711400858642,265.0769989013672,323.9829986572266,353.4359985351562,0.043037559680468095,0.90994626,-0.23787712753822576,1.0,,Information Technology,leaders
DAVE,368.4200134277344,0.35575699745547074,0.5114503816793893,331.57801208496096,405.26201477050785,442.10401611328126,0.05811222446359885,0.9455645,-0.19602833949212362,2.0,,Financials,leaders
ANF,142.5800018310547,0.35575699745547074,0.49689934806805536,128.32200164794924,156.83800201416017,171.09600219726562,0.0365081681280298,0.96370965,-0.08143280047830925,2.0,,Consumer Discretionary,leaders
RXO,29.079999923706055,0.35575699745547074,0.5334711400858642,26.17199993133545,31.987999916076664,34.895999908447266,0.04750855223610747,0.9361559,-0.02742473930722167,1.0,wf_rocket_gap,Industrials,leaders
BE,280.5,0.35575699745547074,0.5215455557322308,252.45000000000002,308.55,336.59999999999997,0.06371612927460048,0.98319894,-0.20149168476787294,2.0,,Industrials,leaders
MU,1029.0,0.35575699745547074,0.5258387660995388,926.1,1131.9,1234.8,0.039078925413403645,0.99731183,-0.1799535750165453,7.0,,Information Technology,leaders
VIAV,45.459999084472656,0.35575699745547074,0.5334711400858642,40.91399917602539,50.00599899291993,54.551998901367185,0.05760948811506935,0.9764785,-0.247724659028687,1.0,,Information Technology,leaders
PENG,76.27999877929688,0.35575699745547074,0.4984894259818731,68.6519989013672,83.90799865722657,91.53599853515625,0.06461451216165084,0.99462366,-0.15112398997124332,2.0,"donchian_55, base_50",Information Technology,leaders
MTRN,280.45001220703125,0.35575699745547074,0.5082697201017812,252.40501098632814,308.4950134277344,336.5400146484375,0.044711254040811096,0.9643817,-0.1370503072886109,7.0,,Materials,leaders
CAKE,108.44999694824219,0.35575699745547074,0.5278307888040712,97.60499725341798,119.29499664306641,130.1399963378906,0.032623836293209675,0.9677419,-0.0845011161032716,2.0,,Consumer Discretionary,leaders
TER,402.67999267578125,0.35575699745547074,0.5258387660995388,362.41199340820316,442.9479919433594,483.2159912109375,0.04282888847784574,0.9657258,-0.17436685067717472,10.0,,Information Technology,leaders
PDFS,54.400001525878906,0.35575699745547074,0.5334711400858642,48.960001373291014,59.8400016784668,65.28000183105469,0.04258915296857353,0.9375,-0.2411772956718592,1.0,,Information Technology,leaders
DDOG,293.260009765625,0.35575699745547074,0.5036577608142494,263.9340087890625,322.5860107421875,351.91201171874997,0.04490250278716442,0.9758065,-0.0025169735863095344,3.0,,Information Technology,leaders
CVI,58.02000045776367,0.35575699745547074,0.5334711400858642,52.218000411987305,63.822000503540046,69.6240005493164,0.05441972030681743,0.9697581,-0.05025371889271746,3.0,,Energy,leaders
QLYS,202.4199981689453,0.35575699745547074,0.5313295165394402,182.1779983520508,222.66199798583986,242.90399780273435,0.05340201025599559,0.97379035,-0.009735362543476844,3.0,,Information Technology,leaders
PAYC,232.22000122070312,0.35575699745547074,0.49689934806805536,208.9980010986328,255.44200134277347,278.66400146484375,0.03145673587778717,0.9610215,-0.05208586304747631,0.0,,Industrials,leaders
ENTG,165.7899932861328,0.35575699745547074,0.5388040712468194,149.21099395751955,182.3689926147461,198.94799194335937,0.03759463921114309,0.91599464,-0.11238671306945525,2.0,,Information Technology,leaders
FIVN,36.400001525878906,0.35575699745547074,0.5313295165394402,32.76000137329102,40.0400016784668,43.68000183105469,0.06121715538373609,0.97849464,-0.08999996185302739,3.0,wf_scan_pullback,Information Technology,leaders
SDGR,27.280000686645508,0.35575699745547074,0.5036577608142494,24.55200061798096,30.00800075531006,32.73600082397461,0.0931635817788156,0.97244626,-0.19242150170340133,2.0,,Health Care,leaders
CRSR,13.630000114440918,0.35575699745547074,0.5278307888040712,12.267000102996827,14.993000125885011,16.3560001373291,0.04115448426566963,0.9744624,-0.08999863806288866,2.0,,Information Technology,leaders
PANW,418.7799987792969,0.35575699745547074,0.5258387660995388,376.9019989013672,460.6579986572266,502.53599853515624,0.04491050862345852,0.9798387,-0.031341771826654985,3.0,,Information Technology,leaders
CRWD,275.0400085449219,0.35575699745547074,0.5313295165394402,247.5360076904297,302.5440093994141,330.0480102539062,0.04701287703501985,0.9919355,-0.04163901911594192,3.0,,Information Technology,leaders
DOCU,71.08000183105469,0.35575699745547074,0.5388040712468194,63.97200164794922,78.18800201416016,85.29600219726562,0.038281468329681004,0.9092742,-0.052266642252604134,1.0,,Information Technology,leaders
PLTR,209.0500030517578,0.35575699745547074,0.5082697201017812,188.14500274658204,229.95500335693362,250.86000366210936,0.03346521846546785,0.9395161,-0.0025288614117110475,4.0,"donchian_20, donchian_55",Information Technology,leaders
CLF,12.979999542236328,0.35442836698998254,0.5215455557322308,11.681999588012696,14.277999496459962,15.575999450683593,0.05106999927013006,0.8407258,-0.2227545539374184,0.0,,Materials,leaders
MTSI,330.05999755859375,0.35442836698998254,0.5258387660995388,297.0539978027344,363.06599731445317,396.0719970703125,0.04744147693148711,0.9583333,-0.21207924954003254,1.0,,Information Technology,leaders
