entry,bracket_10_10,bracket_20_10,chandelier_3atr,donchian_10low,ema21_close,fixed_3r_20d,oneil_20_8,qull_sma10,qull_sma20,sma50_close,trim_ema,wf_rocket,wf_weekly10
asc_triangle,-0.03900015112716158,-0.03425297115967147,0.054277347905858954,0.0687898175185794,0.016729458786104184,0.08871954717856989,0.07227650471901323,0.03557243706957397,0.010254318173164537,0.007013936887152142,0.09290334518340927,0.03050884834739301,-0.01760763897338398
base_25,-0.021180505950799088,0.01622895136296655,0.09660661044961835,0.07397724843320408,0.0828848531073445,0.0766301121864971,0.09016553178516608,0.04079117496666895,0.06412966885081076,0.21240761109262157,0.12408485602446878,0.18301947615809047,0.1946862102371958
base_50,-0.03647172323981854,0.0009221402798543082,0.14157148755073817,0.09353788042453619,0.1169261356174957,0.10179495798650501,0.10556196281709358,0.0723695364803272,0.09632597069344853,0.19482324704977386,0.14344146840122263,0.17546993905634659,0.19658661186486795
desc_triangle,0.03147783033198255,0.01681995252787194,0.24813126609778516,0.22488835766535098,0.19842814067176476,0.20663048377737772,0.24760586494614423,0.15225113658801992,0.20148309195632852,0.044905220916264005,0.18026166915613015,0.0516915019055026,0.11461162014889006
donchian_20,-0.00866341565721998,-0.01867937693068593,0.09115010136604176,0.08331865732285865,0.0829377043855446,0.11141778888737057,0.08579595463151618,0.08260651253113309,0.08311701534060344,0.06101503972862153,0.10516004559380382,0.061471957626238805,0.05162177099303801
donchian_55,-0.02555353718755299,-0.034228616859283544,0.0607162689622192,0.05439807490280324,0.056725724024372884,0.07805788213985333,0.05924428881863418,0.06315831280411369,0.05983325609754809,0.057500705817160394,0.09565659876412258,0.05407599991297443,0.03312140985031691
ema_retest,-0.010209485742156126,-0.014905022166673595,0.06665796886966047,0.052449714671207646,0.05900542319505476,0.08421650917688824,0.08447062008815324,0.07142966069193538,0.05140155244354207,0.06518456264811903,0.0945934699652402,0.06817780622020483,0.04872933456058001
ep_gap10,-0.034116759725073095,0.013336916398683313,0.22332273460214133,0.3304799522601092,0.24167298420728173,0.18743020457055953,0.13835627481233995,0.10039252337720173,0.1583489054728499,0.48072224815681036,0.29114747827119103,0.4077732610192421,0.49558753171881786
ep_gap10_vol2,-0.02643633032607822,0.0525968680721019,0.2848970063427315,0.3450525838041797,0.24256111663906044,0.17998318041054578,0.19181773021916687,0.12184423973928518,0.1687811419041757,0.4776005726574833,0.29065307938377394,0.41670859181568687,0.521041752906473
ep_gap10_vol5,-0.06296292799951432,0.025551399057845356,0.23198606778689898,0.3075633706812533,0.1970283735344548,0.18511654671784422,0.11202831719468734,0.07684891032280892,0.10434463072302734,0.49423912271955656,0.30878158106671094,0.3977548708892565,0.47463174377971135
ep_gap15,0.019969971389283386,0.12581820974886043,0.27803609088363096,0.3184767887653747,0.24524200005046293,0.24395276802702526,0.26743945877235487,0.11213443710563456,0.14345968792304228,0.6957286095282385,0.36459248196986294,0.5866217819388534,0.7651947529357745
ep_gap5,-0.0314365582367111,-0.00970382296410724,0.13938917267969,0.17265744266626915,0.14081708766167655,0.11986830650733357,0.095757177673984,0.08832286731280214,0.10635039165575697,0.19437298583326929,0.15491871650405625,0.17492756367610662,0.1793196122849547
ep_gap8_hold,-0.025057509905444048,0.012924040601311915,0.16116684642912518,0.24718956116932564,0.19000900775388957,0.15043289592548093,0.12593035889812776,0.08362421176446261,0.12220125307929534,0.3740038919104863,0.23552323521029436,0.31988494011705665,0.36912358213284496
ep_gap8_neglected,-0.03081719494918769,-0.018024759540880758,0.12409727468646717,0.1646364558707099,0.20103156870841454,0.17403140752686852,0.16830546665020676,0.09522935786592401,0.1198498659042686,0.2694452398281273,0.22261778905146673,0.26787008395536827,0.2818982211428666
falling_wedge,0.047540192810643825,0.07691795337885918,0.20039302549208077,0.15748578362086418,0.089014726380237,0.1977405314337808,0.23869004671253088,0.06401775982598949,0.08506465131120525,0.014626345321067628,0.07267490977080653,0.024030801825414,-0.007111763842267277
flag_30,-0.03830025976181635,0.01970513672531274,0.03742597020549574,0.10059386385424995,0.10340975665493372,0.05296141360736284,0.017611962580200084,0.07023993648582713,0.06570642346675895,0.23483255110609047,0.12162453918626648,0.16548169340900526,0.18742520363414938
flag_30_early,0.020037010070493286,0.11329808287909832,0.2117897659813519,0.20447421886118472,0.19781028970907333,0.16684052070110933,0.24597006788132886,0.16395742962407883,0.1636769344455843,0.29613956294676674,0.19971441152424543,0.2766502447434687,0.43057848696425105
flag_60,-0.05490254830995992,0.05724544307134141,0.15833506246515255,0.14255113847876733,0.14314946408633678,0.08218216293303936,0.08795139945786067,0.1109087243910317,0.09457266092276614,0.4905785730800507,0.27358831479975454,0.3510378322753002,0.34853277900955454
high52,-0.034416708191160474,-0.04791797051138599,-0.045026492919601036,-0.0501315388470123,-0.03735357717027525,-0.02679621364392551,-0.04164093568931726,-0.02811032491184641,-0.040272803293986595,-0.05045155277642832,-0.029067845326749678,-0.04521339216022038,-0.06666707138494843
high52_fresh,-0.023432644853160753,-0.03643484351737102,0.05553805871350132,0.043924037679698706,0.06690936198893689,0.0488727005312793,0.04946717852211029,0.04553478961848034,0.03925732138309403,0.061615524718538095,0.06464504305525898,0.059581251500085405,0.044704849320766515
htf,-0.26381396322257866,-0.18120782259287424,-0.2171977260066199,-0.32188522432511607,-0.16122996048569926,-0.1724063201710001,-0.20096602076273717,-0.014031124295392633,-0.10085599741687763,-0.33678612122637874,-0.10051073515722611,-0.2951305379527494,-0.33129496977529677
multi_touch,-0.054795531569468696,-0.08081014513543798,-0.03290647399114836,-0.011678225314366492,-0.02587897525801057,0.003440991139851926,-0.0336060082150406,0.01591552394482458,-0.004913409041805164,-0.06387325303421867,-0.010708912412697405,-0.051364693668537124,-0.08124296622682577
pocket_pivot,-0.00877116549232368,-0.02931425344959398,-0.023244125151080222,-0.026654120769233722,-0.015580051088548666,0.003820987127168149,-0.027209015235618764,0.005187658881870269,-0.008140662528339351,-0.05370527098864819,-0.013272920356916268,-0.04723138646304135,-0.0548565855380511
qull_breakout,-0.017704231754061543,0.05400889807383194,-0.08953389517644447,-0.08954615484045525,-0.08569772126681423,-0.13784641026391203,-0.1061323340952765,-0.14522056930614086,-0.12245761163857556,0.034777976469616625,-0.09444666599922663,-0.02004272881577114,-0.0020060078409107366
qull_breakout_60,-0.011295000216217758,0.09440025725761178,-0.08872293783335952,-0.08920190378762999,-0.07324220797240417,-0.11474379881595749,-0.05985656565616243,-0.13598060485204871,-0.11643375531074658,0.13558079530508405,-0.08884468208115431,0.05683077635892408,0.03449021293147582
rising_wedge,-0.03709464105684994,-0.04390790534876319,-0.03327896879655873,-0.05375276655192435,-0.036590124777941366,0.04052579715930753,0.014447484094189934,0.06748014801154698,0.029948384507773304,-0.08087554935784683,-0.0027778740106828848,-0.052365559544043226,-0.10494784773487341
stage2,-0.059959479663886435,-0.08125619527340765,-0.06823613231906944,-0.07027374659495145,-0.06132781357113275,-0.023620156570842904,-0.07795813525541165,-0.02563562297307352,-0.041799246278636584,-0.10967963398369279,-0.056143501313321076,-0.09829700635016309,-0.12804401076003677
sym_triangle,0.022058969139401474,0.013442880721560288,0.174987741589121,0.1226329129503113,0.12610066118637153,0.17547572211184373,0.16252459988306928,0.13080676561424387,0.1476754827054295,0.027591460174716087,0.0958007573201374,0.04848449973796151,0.040738409653956864
tc_ema200_2nd,-0.03757630660095729,-0.05895677983511582,0.08170623213038895,0.09004240745600842,0.042709254597311085,0.08866519471974249,0.06779247227467612,0.09159845325139428,0.07386288473639305,-0.003271853189616425,0.05519264618828963,0.0012164183280341245,-0.04545381172373528
tc_ema_cross_base,-0.024191637307241616,-0.05601778896330465,0.08511873092225407,0.09652466298349845,0.09360143910436687,0.11915396804228093,0.09681209447586119,0.09773555896941158,0.09649525722187816,0.06345123942546124,0.12812534272954604,0.06898965861578024,0.0372572127783624
tc_reversal_base,-0.012864168665450516,-0.041171100904713126,0.0673633695276972,0.05859285410743855,-0.034572350668140475,0.11913367192888341,0.051483017813634055,-0.008549284362181414,-0.0018802636354182112,-0.04803147386039755,0.06811153828345669,-0.044163692928874475,-0.07471558875723698
tc_supertrend_ema,0.04457819769328797,0.04723998325628673,0.19880806111538474,0.17933904000960732,0.14146703072805417,0.20662130934236322,0.18987351147029408,0.13533596945323645,0.14990731265025758,0.04948252447891364,0.11796548877241454,0.05725384583221532,0.06560816395244841
tight_coil_15,-0.07125268381066507,-0.09501376573816926,0.0007310351909540075,-0.0248830003829741,-0.0018309117417993626,0.0567964037837458,-0.004824053651884493,0.061251277021027166,0.03906468318226803,-0.09978107059384313,0.02158093714015831,-0.07000825785289863,-0.11482073495839386
tight_coil_7,-0.04157320240244399,-0.05954122516846659,0.015357616911627542,0.009689294493325451,0.02882645000789233,0.07013151485401244,0.033905367706546806,0.065701754687673,0.050937180641442745,-0.015793534452803067,0.06356518477880788,-0.010226551616756688,-0.023480761238663463
undercut,0.03399881873568614,0.03518599572885381,0.17961651588498417,0.16481435532650301,0.01386378415112166,0.08295103431894078,0.13106421748570823,0.09162811301215185,0.08844962278447392,-0.007150038373186677,0.02224828827142064,-0.005288580062707993,0.040464939568156555
vcp,-0.0011015995559161204,-0.03795410694746835,0.06301814704134064,0.045968634380399824,0.03623653347571615,0.10145262613186515,0.050075933231987134,0.07219408103944946,0.06754713119569167,-0.05606991723271941,0.03894351419578493,-0.03424523211536338,-0.10262422886322012
wf_rocket_breakout,-0.015689803136228912,-0.038259530897019105,0.08240305532238859,0.08668211700665589,0.09058090493826029,0.10918232359105348,0.0648593951083929,0.10419441665923576,0.09204609042014975,0.07887696488629665,0.13095657277901965,0.07581868578733539,0.058216775413031066
wf_rocket_gap,0.020078769356528997,0.07667462273802517,0.2424652597122925,0.2555291039970754,0.22613442099058756,0.18317885384345356,0.24501693444901929,0.14271412379237874,0.18445108258954002,0.2963978843784199,0.2481358585313611,0.2649624424712397,0.31086209801259157
wf_scan_base,-0.019289559148848952,-0.04853981911490446,0.09002924259881626,0.06721937796020479,0.07897442970836685,0.10219964668762226,0.08292815377830198,0.09115309476813853,0.08592612761172282,0.01582315887803417,0.09484094055704942,0.028360471842953677,-0.0041373297693583465
wf_scan_pullback,0.004679574876609784,-0.0019136220982254731,0.10081793475243658,0.07951724291343133,0.06416901483989906,0.10557430104269139,0.10144436640062882,0.08447868798169372,0.08015854210091063,0.025586693781145853,0.08931453919363552,0.03610693951351217,0.018814110977130052
